id, seq, n, rsa, asa, q3, p[q3_H], p[q3_E], p[q3_C], q8, p[q8_G], p[q8_H], p[q8_I], p[q8_B], p[q8_E], p[q8_S], p[q8_T], p[q8_C], phi, psi, disorder
>4O75_1_Chain A_Bromodomain-containing protein 4_Homo sapiens _9606_,S,1,0.9245644807815552,143.30749452114105,C,0.0001576980866957456,0.0001081069276551716,0.9997342228889465,C,2.6090723622473888e-05,4.349820301285945e-05,1.1160437907165033e-06,1.31774340843549e-05,5.8835892559727654e-05,0.00048291118582710624,0.0006652912124991417,0.9987090826034546,-76.6620101928711,175.2236785888672,0.9159765839576721
>4O75_1_Chain A_Bromodomain-containing protein 4_Homo sapiens _9606_,M,2,0.76283860206604,170.87584686279297,C,0.002285938011482358,0.0038473729509860277,0.9938667416572571,C,0.0010823169723153114,0.0008668557275086641,6.0881400713697076e-05,0.0012945394264534116,0.002120023826137185,0.015995576977729797,0.006412735674530268,0.9721670746803284,-88.36557006835938,146.2170867919922,0.8818157315254211
>4O75_1_Chain A_Bromodomain-containing protein 4_Homo sapiens _9606_,N,3,0.8069906234741211,157.3631715774536,C,0.00030234805308282375,0.0014978287508711219,0.9981998205184937,C,0.0001714830141281709,7.4441843025852e-05,4.825112227990758e-06,0.000532973965164274,0.0006395003874786198,0.013412093743681908,0.001974461367353797,0.9831901788711548,-87.37223052978516,131.1200714111328,0.8575534820556641
>4O75_1_Chain A_Bromodomain-containing protein 4_Homo sapiens _9606_,P,4,0.6327715516090393,100.61067670583725,C,0.0002681506157387048,0.0009040741133503616,0.9988277554512024,C,0.00011373154120519757,7.060694770189002e-05,3.2841651318449294e-06,0.0005009525921195745,0.00030195596627891064,0.011749261058866978,0.00176798808388412,0.9854921698570251,-64.10211181640625,149.9548797607422,0.7979259490966797
>4O75_1_Chain A_Bromodomain-containing protein 4_Homo sapiens _9606_,P,5,0.6369030475616455,101.26758456230164,C,0.00022516369062941521,0.0004930222639814019,0.9992818236351013,C,7.072873268043622e-05,6.125219078967348e-05,1.525222046439012e-06,0.0003344675642438233,0.00014161545550450683,0.010353163816034794,0.0015628234250470996,0.9874744415283203,-61.420692443847656,152.48159790039062,0.8018882870674133
>4O75_1_Chain A_Bromodomain-containing protein 4_Homo sapiens _9606_,P,6,0.6467936038970947,102.84018301963806,C,0.0008907387382350862,0.0007472088909707963,0.9983620047569275,C,0.0002994468086399138,0.00025363359600305557,4.711669589596568e-06,0.0004478745977394283,0.00022248287859838456,0.008483897894620895,0.0031832417007535696,0.9871046543121338,-60.84663009643555,155.33523559570312,0.8183740377426147
>4O75_1_Chain A_Bromodomain-containing protein 4_Homo sapiens _9606_,P,7,0.7972291707992554,126.7594381570816,C,0.010506506077945232,0.0011817367048934102,0.9883117079734802,C,0.005826567765325308,0.0031279439572244883,4.6856552216922864e-05,0.0006768428138457239,0.0005801978404633701,0.023167116567492485,0.03743942826986313,0.9291350245475769,-60.32414627075195,149.95823669433594,0.8412806391716003
>4O75_1_Chain A_Bromodomain-containing protein 4_Homo sapiens _9606_,E,8,0.7313057780265808,163.08118849992752,C,0.020038992166519165,0.008179908618330956,0.9717811346054077,C,0.01207536831498146,0.007100117392838001,0.000100114950328134,0.004237709101289511,0.004425866063684225,0.02612084522843361,0.025774404406547546,0.9201655983924866,-83.06338500976562,139.9031982421875,0.8364005088806152
>4O75_1_Chain A_Bromodomain-containing protein 4_Homo sapiens _9606_,T,9,0.607332706451416,104.46122550964355,C,0.022718440741300583,0.026645882055163383,0.9506356716156006,C,0.011027281172573566,0.009551051072776318,0.000155262925545685,0.012309014797210693,0.013768507167696953,0.03176774084568024,0.016686763614416122,0.9047343134880066,-96.70555877685547,133.29188537597656,0.7903493046760559
>4O75_1_Chain A_Bromodomain-containing protein 4_Homo sapiens _9606_,S,10,0.6789390444755554,105.23555189371109,C,0.011375648900866508,0.016941383481025696,0.9716829657554626,C,0.0052161626517772675,0.003969564568251371,0.00010334169928682968,0.008629932999610901,0.0077534448355436325,0.032051678746938705,0.013164542615413666,0.9291113018989563,-86.47113800048828,146.14688110351562,0.76861971616745
>4O75_1_Chain A_Bromodomain-containing protein 4_Homo sapiens _9606_,N,11,0.5637903809547424,109.93912428617477,C,0.0022980051580816507,0.007357478141784668,0.9903444647789001,C,0.0010950578143820167,0.0008152168593369424,1.4796891264268197e-05,0.0024484824389219284,0.0033005154691636562,0.023994525894522667,0.003587085986509919,0.9647443294525146,-97.5308609008789,119.10030364990234,0.7677699327468872
>4O75_1_Chain A_Bromodomain-containing protein 4_Homo sapiens _9606_,P,12,0.7600606679916382,120.84964621067047,C,0.01948099583387375,0.000966132793109864,0.9795529246330261,C,0.023844122886657715,0.009837903082370758,8.323069050675258e-05,0.00040211417945101857,0.0009620860801078379,0.0586194209754467,0.2731674313545227,0.633083701133728,-64.84396362304688,-18.0908145904541,0.696833610534668
>4O75_1_Chain A_Bromodomain-containing protein 4_Homo sapiens _9606_,N,13,0.8999578356742859,175.49177795648575,C,0.015019871294498444,0.0010710172355175018,0.9839090704917908,C,0.018678639084100723,0.006587697193026543,7.601967081427574e-05,0.0006005590548738837,0.0010904192458838224,0.05874527618288994,0.19814299046993256,0.7160784006118774,-86.490478515625,14.371342658996582,0.6395214796066284
>4O75_1_Chain A_Bromodomain-containing protein 4_Homo sapiens _9606_,K,14,0.5110302567481995,120.60314059257507,C,0.01339451689273119,0.006695923395454884,0.9799095988273621,C,0.007216638885438442,0.0061780777759850025,6.165087688714266e-05,0.003532740753144026,0.0035901207011193037,0.1819201558828354,0.012968801893293858,0.784531831741333,-90.55883026123047,131.839111328125,0.4870518743991852
>4O75_1_Chain A_Bromodomain-containing protein 4_Homo sapiens _9606_,P,15,0.6257518529891968,99.49454462528229,C,0.029535822570323944,0.0060333432629704475,0.9644308686256409,C,0.013208436779677868,0.01037390436977148,0.00011907096632057801,0.0023256626445800066,0.0033988505601882935,0.03307802230119705,0.03388131409883499,0.9036147594451904,-67.73556518554688,144.00865173339844,0.5416201949119568
>4O75_1_Chain A_Bromodomain-containing protein 4_Homo sapiens _9606_,K,16,0.7707122564315796,181.88809251785278,C,0.03965512290596962,0.013195337727665901,0.9471495151519775,C,0.022155560553073883,0.016227111220359802,0.00024200814368668944,0.006365508772432804,0.008648921735584736,0.05651680752635002,0.0533769316971302,0.8364671468734741,-89.49726104736328,113.77224731445312,0.44809186458587646
>4O75_1_Chain A_Bromodomain-containing protein 4_Homo sapiens _9606_,R,17,0.5652111768722534,154.86786246299744,C,0.04626097530126572,0.031070901080965996,0.9226681590080261,C,0.023983119055628777,0.01895328424870968,0.0002944717707578093,0.011610670015215874,0.01887931115925312,0.06712501496076584,0.045776091516017914,0.8133779764175415,-90.16761779785156,125.7197036743164,0.3407091200351715
>4O75_1_Chain A_Bromodomain-containing protein 4_Homo sapiens _9606_,Q,18,0.6164281964302063,138.69634419679642,C,0.028256483376026154,0.06192401051521301,0.9098195433616638,C,0.008855361491441727,0.012073430232703686,0.0002236592408735305,0.0238206684589386,0.031800102442502975,0.03954227268695831,0.01500778365880251,0.8686767220497131,-105.83358764648438,126.28987121582031,0.19465570151805878
>4O75_1_Chain A_Bromodomain-containing protein 4_Homo sapiens _9606_,T,19,0.39512693881988525,67.96183347702026,C,0.040578123182058334,0.03274849057197571,0.926673412322998,C,0.0056985835544764996,0.02976454235613346,0.00030828334274701774,0.015445179305970669,0.016848193481564522,0.08362890034914017,0.014186574146151543,0.8341197371482849,-99.35282897949219,153.0003204345703,0.09512558579444885
>4O75_1_Chain A_Bromodomain-containing protein 4_Homo sapiens _9606_,N,20,0.5944894552230835,115.92544376850128,C,0.4925752282142639,0.010853363201022148,0.49657148122787476,H,0.023526685312390327,0.47205716371536255,0.0022500415798276663,0.003972087986767292,0.006449444685131311,0.0553770512342453,0.04578709974884987,0.3905804455280304,-75.15445709228516,-31.775325775146484,0.060254521667957306
>4O75_1_Chain A_Bromodomain-containing protein 4_Homo sapiens _9606_,Q,21,0.47153252363204956,106.09481781721115,H,0.953070342540741,0.0006780439289286733,0.04625153914093971,H,0.004107675515115261,0.9534587264060974,0.00028662756085395813,9.126852091867477e-05,0.00040378025732934475,0.0016662735724821687,0.0057063777931034565,0.034279245883226395,-62.99528884887695,-40.64539337158203,0.024075714871287346
>4O75_1_Chain A_Bromodomain-containing protein 4_Homo sapiens _9606_,L,22,0.12115646153688431,24.352448768913746,H,0.9785418510437012,0.00013320329890120775,0.02132485620677471,H,0.0019991514272987843,0.973469078540802,0.00017688660591375083,1.79416765604401e-05,9.849203343037516e-05,0.0006362861022353172,0.002147100167348981,0.021455029025673866,-62.5463752746582,-41.198509216308594,0.01262215618044138
>4O75_1_Chain A_Bromodomain-containing protein 4_Homo sapiens _9606_,Q,23,0.4318164587020874,97.15870320796967,H,0.9917912483215332,7.630827894899994e-05,0.008132442831993103,H,0.0012068708892911673,0.9882317185401917,0.00020410949946381152,1.1075825568696018e-05,5.183039320399985e-05,0.0002216428838437423,0.000992290093563497,0.009080418385565281,-63.00603485107422,-42.2203369140625,0.01033896766602993
>4O75_1_Chain A_Bromodomain-containing protein 4_Homo sapiens _9606_,Y,24,0.44987404346466064,118.31687343120575,H,0.9943341016769409,0.00019487339886836708,0.005471070297062397,H,0.0009116094443015754,0.9929326772689819,0.0005599550204351544,1.499866175436182e-05,0.0001365567441098392,0.00013575739285442978,0.0009975600987672806,0.004310717806220055,-63.2536506652832,-43.78274154663086,0.00727257551625371
>4O75_1_Chain A_Bromodomain-containing protein 4_Homo sapiens _9606_,L,25,0.07064171135425568,14.198983982205391,H,0.9918882250785828,0.0002868287265300751,0.007824919186532497,H,0.0010665402514860034,0.9899120926856995,0.001145422924309969,2.6844454623642378e-05,0.0001853463618317619,0.0002494693035259843,0.0017371682915836573,0.005677185952663422,-64.65205383300781,-43.686485290527344,0.0067667281255126
>4O75_1_Chain A_Bromodomain-containing protein 4_Homo sapiens _9606_,L,26,0.12275814265012741,24.67438667267561,H,0.9951063394546509,9.234086610376835e-05,0.004801382310688496,H,0.0004150807799305767,0.9943563342094421,0.0010515775065869093,9.302134458266664e-06,4.632766649592668e-05,0.00015909477951936424,0.000893188058398664,0.0030691134743392467,-61.73009490966797,-42.28886413574219,0.0038490472361445427
>4O75_1_Chain A_Bromodomain-containing protein 4_Homo sapiens _9606_,R,27,0.5213571190834045,142.85185062885284,H,0.9971717000007629,5.163665991858579e-05,0.002776762004941702,H,0.00044962778338231146,0.9960010647773743,0.001154923578724265,4.234798325342126e-06,2.8936725357198156e-05,8.414134936174378e-05,0.0006627161055803299,0.0016142141539603472,-61.94162368774414,-42.7943229675293,0.0036496398970484734
>4O75_1_Chain A_Bromodomain-containing protein 4_Homo sapiens _9606_,V,28,0.29677969217300415,51.63966643810272,H,0.9976229071617126,8.803889068076387e-05,0.002289142459630966,H,0.00040785674354992807,0.9948031306266785,0.0029274376574903727,5.047532795288134e-06,4.875843660556711e-05,8.690672257216647e-05,0.0006385196465998888,0.0010824203491210938,-65.18342590332031,-44.53731155395508,0.00314934435300529
>4O75_1_Chain A_Bromodomain-containing protein 4_Homo sapiens _9606_,V,29,0.0428801029920578,7.461137920618057,H,0.9964485168457031,0.00018323121184948832,0.0033681329805403948,H,0.0006484352052211761,0.9885349869728088,0.007849865593016148,1.8709115465753712e-05,9.000189311336726e-05,0.00017890376329887658,0.0014849604340270162,0.0011940763797610998,-65.96510314941406,-45.185150146484375,0.0032204692251980305
>4O75_1_Chain A_Bromodomain-containing protein 4_Homo sapiens _9606_,L,30,0.10753573477268219,21.61468268930912,H,0.9879107475280762,0.00019769041682593524,0.01189152430742979,H,0.001342497649602592,0.9851905703544617,0.00434673810377717,3.73462462448515e-05,9.50816465774551e-05,0.0005116633838042617,0.0041394964791834354,0.00433654198423028,-63.748870849609375,-39.68354797363281,0.0023102874401956797
>4O75_1_Chain A_Bromodomain-containing protein 4_Homo sapiens _9606_,K,31,0.6078425049781799,143.45083117485046,H,0.985638439655304,0.0001515311887487769,0.01420995220541954,H,0.0033378424122929573,0.9819132685661316,0.003621787531301379,1.776837780198548e-05,8.673951379023492e-05,0.0006002048612572253,0.006659029051661491,0.0037633166648447514,-61.874755859375,-40.57038116455078,0.0033294553868472576
>4O75_1_Chain A_Bromodomain-containing protein 4_Homo sapiens _9606_,T,32,0.2831968069076538,48.709850788116455,H,0.9814234375953674,0.0002100020064972341,0.0183664932847023,H,0.008683202788233757,0.9699385762214661,0.005434340797364712,3.792390270973556e-05,0.00012239815259817988,0.0008285910007543862,0.009169545024633408,0.005785289220511913,-63.54713439941406,-40.84791564941406,0.003107696305960417
>4O75_1_Chain A_Bromodomain-containing protein 4_Homo sapiens _9606_,L,33,0.023357201367616653,4.694797474890947,H,0.9722752571105957,0.00037153364974074066,0.02735311910510063,H,0.03401090204715729,0.9193185567855835,0.013183287344872952,0.000161712960107252,0.00024142312759067863,0.0024466868489980698,0.021098559722304344,0.009538792073726654,-65.6690444946289,-38.52395248413086,0.0030227666720747948
>4O75_1_Chain A_Bromodomain-containing protein 4_Homo sapiens _9606_,W,34,0.3576258718967438,101.92337349057198,H,0.9219198822975159,0.0009569947724230587,0.07712315022945404,H,0.0898854210972786,0.7982990741729736,0.004880629945546389,0.00046820699935778975,0.00036999036092311144,0.0039094616658985615,0.09087831526994705,0.011308847926557064,-66.43572235107422,-31.05545425415039,0.003297353396192193
>4O75_1_Chain A_Bromodomain-containing protein 4_Homo sapiens _9606_,K,35,0.7083122730255127,167.161696434021,H,0.6791518926620483,0.002342767780646682,0.31850528717041016,H,0.15335190296173096,0.4766102433204651,0.003154443111270666,0.0009894762188196182,0.0012504919432103634,0.01373294647783041,0.30607929825782776,0.04483122006058693,-79.87669372558594,-9.358105659484863,0.005709246266633272
>4O75_1_Chain A_Bromodomain-containing protein 4_Homo sapiens _9606_,H,36,0.18690475821495056,41.866665840148926,C,0.05868705362081528,0.0012648419942706823,0.9400481581687927,C,0.023725725710392,0.06218565255403519,0.0009668100974522531,0.0021812182385474443,0.0009260250371880829,0.254487007856369,0.08323266357183456,0.5722948908805847,-81.4421157836914,104.483154296875,0.007872240617871284
>4O75_1_Chain A_Bromodomain-containing protein 4_Homo sapiens _9606_,Q,37,0.7659887671470642,172.34747260808945,C,0.1757778823375702,0.001565650338307023,0.8226564526557922,T,0.14263015985488892,0.04421878606081009,0.00041985433199442923,0.0007927961414679885,0.0004988825530745089,0.07012156397104263,0.6613178253173828,0.08000016957521439,-65.63304901123047,-13.197916030883789,0.01010898407548666
>4O75_1_Chain A_Bromodomain-containing protein 4_Homo sapiens _9606_,F,38,0.34795981645584106,83.51035594940186,C,0.24512186646461487,0.002137659816071391,0.7527405023574829,T,0.15224473178386688,0.05535552278161049,0.0014154334785416722,0.00155841710511595,0.0004369105154182762,0.052690137177705765,0.6864000558853149,0.04989885538816452,-88.8715591430664,-11.066960334777832,0.0058501604944467545
>4O75_1_Chain A_Bromodomain-containing protein 4_Homo sapiens _9606_,A,39,0.058318767696619034,7.523121032863855,C,0.2762429714202881,0.0036491681821644306,0.7201077938079834,C,0.17856571078300476,0.12149187922477722,0.0024125936906784773,0.0059038856998085976,0.0013467188691720366,0.2248331904411316,0.09775324910879135,0.36769264936447144,-82.9848861694336,12.960087776184082,0.003307819366455078
>4O75_1_Chain A_Bromodomain-containing protein 4_Homo sapiens _9606_,W,40,0.34737130999565125,99.0008233487606,H,0.8044949769973755,0.0010176107753068209,0.19448746740818024,G,0.48148196935653687,0.31223127245903015,0.00258244713768363,0.0007801703177392483,0.00029769231332466006,0.01832054741680622,0.1506926268339157,0.03361329063773155,-61.319515228271484,-41.42718505859375,0.001974994782358408
>4O75_1_Chain A_Bromodomain-containing protein 4_Homo sapiens _9606_,P,41,0.21968457102775574,34.92984679341316,H,0.8122851252555847,0.0008876723004505038,0.18682721257209778,G,0.664238452911377,0.12205146253108978,0.0011975193629041314,0.00012728982255794108,0.00017675256822258234,0.008656034246087074,0.19315855205059052,0.01039403397589922,-63.385276794433594,-26.557510375976562,0.0024417415261268616
>4O75_1_Chain A_Bromodomain-containing protein 4_Homo sapiens _9606_,F,42,0.03647466376423836,8.753919303417206,H,0.7994163036346436,0.002552119316533208,0.19803161919116974,G,0.6895174980163574,0.1461772322654724,0.0021753243636339903,0.0014038286171853542,0.0005711548728868365,0.010465143248438835,0.13094934821128845,0.018740365281701088,-81.33512115478516,-13.009791374206543,0.0029602900613099337
>4O75_1_Chain A_Bromodomain-containing protein 4_Homo sapiens _9606_,Q,43,0.42146167159080505,94.82887610793114,C,0.16220694780349731,0.008160063996911049,0.8296329379081726,C,0.0880727469921112,0.07779035717248917,0.0013379530282691121,0.006581183988600969,0.004317673854529858,0.27103307843208313,0.2544982135295868,0.29636886715888977,-82.2567138671875,-4.197115421295166,0.004075170494616032
>4O75_1_Chain A_Bromodomain-containing protein 4_Homo sapiens _9606_,Q,44,0.7410570979118347,166.7378470301628,C,0.003464658511802554,0.012306450866162777,0.9842288494110107,S,0.0016143412794917822,0.001223312458023429,4.801127579412423e-05,0.006198018789291382,0.006724136415868998,0.6388230919837952,0.015820655971765518,0.3295483887195587,-106.66222381591797,138.99559020996094,0.0053981938399374485
>4O75_1_Chain A_Bromodomain-containing protein 4_Homo sapiens _9606_,P,45,0.5004280209541321,79.568055331707,C,0.0015476620756089687,0.034667015075683594,0.9637852907180786,C,0.0010047904215753078,0.00036798298242501915,3.134989310638048e-05,0.019248370081186295,0.017863310873508453,0.1149926632642746,0.019892696291208267,0.8265988826751709,-63.5671272277832,142.21295166015625,0.014648394659161568
>4O75_1_Chain A_Bromodomain-containing protein 4_Homo sapiens _9606_,V,46,0.2834159731864929,49.31437933444977,C,0.0015865800669416785,0.09271544963121414,0.9056979417800903,C,0.0009582664351910353,0.00036721728974953294,2.750276507867966e-05,0.06725282222032547,0.04226953536272049,0.10632330179214478,0.004063362255692482,0.7787380218505859,-107.76625061035156,142.62403869628906,0.015382044017314911
>4O75_1_Chain A_Bromodomain-containing protein 4_Homo sapiens _9606_,D,47,0.5007643103599548,96.64751189947128,C,0.0020884608384221792,0.04459847882390022,0.9533131122589111,C,0.00041950412560254335,0.0005892448243685067,7.8886596384109e-06,0.008270375430583954,0.019085153937339783,0.011910908855497837,0.0020436295308172703,0.9576733112335205,-91.86666870117188,116.33533477783203,0.012338249944150448
>4O75_1_Chain A_Bromodomain-containing protein 4_Homo sapiens _9606_,A,48,0.1655765324831009,21.359372690320015,H,0.8316499590873718,0.00047653517685830593,0.16787344217300415,H,0.37414491176605225,0.4272281229496002,0.0011737041641026735,0.0003348690806888044,0.00041312770918011665,0.01793118193745613,0.09126268327236176,0.0875113382935524,-62.95836639404297,-33.557064056396484,0.012886765412986279
>4O75_1_Chain A_Bromodomain-containing protein 4_Homo sapiens _9606_,V,49,0.7183306813240051,124.98953855037689,H,0.9395896792411804,0.00030439739930443466,0.060105811804533005,H,0.3491048216819763,0.564580500125885,0.002610045950859785,0.0001799292949726805,0.0002542957372497767,0.006608982570469379,0.06167032569646835,0.014991202391684055,-64.92486572265625,-38.20142364501953,0.024996010586619377
>4O75_1_Chain A_Bromodomain-containing protein 4_Homo sapiens _9606_,K,50,0.6187901496887207,146.0344753265381,H,0.9610649943351746,0.0001741427549859509,0.038760773837566376,H,0.31041398644447327,0.6329289078712463,0.001655565109103918,0.00010914492304436862,0.00012479181168600917,0.002734394744038582,0.04357864707708359,0.008454510010778904,-69.70536804199219,-32.197349548339844,0.020299630239605904
>4O75_1_Chain A_Bromodomain-containing protein 4_Homo sapiens _9606_,L,51,0.16802044212818146,33.77210886776447,C,0.4483274519443512,0.0006454591057263315,0.5510271191596985,T,0.2278866469860077,0.1926136314868927,0.0010043649235740304,0.0005749186384491622,0.00014956311497371644,0.06019926071166992,0.48689496517181396,0.03067663684487343,-92.16462707519531,2.6175951957702637,0.0107433395460248
>4O75_1_Chain A_Bromodomain-containing protein 4_Homo sapiens _9606_,N,52,0.8289721608161926,161.64957135915756,C,0.007214813027530909,0.00040376692777499557,0.9923813939094543,T,0.004760668613016605,0.001934053492732346,7.890880078775808e-05,0.00022203708067536354,0.00019021528714802116,0.017363382503390312,0.8362361192703247,0.1392146348953247,60.06925964355469,42.735557556152344,0.0097035588696599
>4O75_1_Chain A_Bromodomain-containing protein 4_Homo sapiens _9606_,L,53,0.0654941275715828,13.164319641888142,C,0.018745969980955124,0.005693153478205204,0.9755609035491943,C,0.007410717662423849,0.005536440759897232,9.756571671459824e-05,0.0037956079468131065,0.0024103401228785515,0.07241824269294739,0.008937173523008823,0.8993938565254211,-87.07743072509766,130.38751220703125,0.007596765644848347
>4O75_1_Chain A_Bromodomain-containing protein 4_Homo sapiens _9606_,P,54,0.41004449129104614,65.19707411527634,C,0.17998389899730682,0.002872362732887268,0.8171437382698059,C,0.1443643867969513,0.07193416357040405,0.0005067812744528055,0.0022078591864556074,0.0018008735496550798,0.09048670530319214,0.1637665182352066,0.5249327421188354,-64.74823760986328,-13.255348205566406,0.010879048146307468
>4O75_1_Chain A_Bromodomain-containing protein 4_Homo sapiens _9606_,D,55,0.5470287799835205,105.57655453681946,C,0.2411554604768753,0.005635435692965984,0.753209114074707,C,0.21527200937271118,0.09024737030267715,0.0008034136262722313,0.005606848746538162,0.0032316227443516254,0.09360158443450928,0.28863078355789185,0.3026063144207001,-79.62303924560547,3.9651308059692383,0.0069948239251971245
>4O75_1_Chain A_Bromodomain-containing protein 4_Homo sapiens _9606_,Y,56,0.0771757960319519,20.29723435640335,H,0.5782707929611206,0.011581678874790668,0.4101475179195404,G,0.4743300676345825,0.18463866412639618,0.005624166689813137,0.006981728132814169,0.005288229789584875,0.03672128915786743,0.12960681319236755,0.15680915117263794,-74.24127197265625,-25.161165237426758,0.010856889188289642
>4O75_1_Chain A_Bromodomain-containing protein 4_Homo sapiens _9606_,Y,57,0.2741052508354187,72.08968096971512,H,0.6102965474128723,0.009119436144828796,0.3805839419364929,G,0.4651789963245392,0.2098074108362198,0.002956028562039137,0.0044438219629228115,0.003943535033613443,0.043159082531929016,0.16038255393505096,0.11012853682041168,-75.50147247314453,-17.992080688476562,0.01181951817125082
>4O75_1_Chain A_Bromodomain-containing protein 4_Homo sapiens _9606_,K,58,0.6810399889945984,160.72543740272522,H,0.593463122844696,0.008103030733764172,0.3984339237213135,G,0.3836934566497803,0.25727590918540955,0.005738687701523304,0.002240164205431938,0.005135636776685715,0.07944302260875702,0.173599511384964,0.09287362545728683,-86.30790710449219,-21.398521423339844,0.008790743537247181
>4O75_1_Chain A_Bromodomain-containing protein 4_Homo sapiens _9606_,I,59,0.40843644738197327,80.46198013424873,C,0.2815391719341278,0.021811118349432945,0.6966497302055359,C,0.11705725640058517,0.19774481654167175,0.016155747696757317,0.013769969344139099,0.013099810108542442,0.21299870312213898,0.16672787070274353,0.2624458372592926,-96.91068267822266,-7.594964981079102,0.01160039659589529
>4O75_1_Chain A_Bromodomain-containing protein 4_Homo sapiens _9606_,I,60,0.09688317775726318,19.085986018180847,C,0.003957646433264017,0.019003095105290413,0.9770392775535583,C,0.0007942829397507012,0.00168827292509377,7.246778113767505e-05,0.015779083594679832,0.008386299945414066,0.05553758144378662,0.007428500335663557,0.9103134870529175,-97.21995544433594,129.1239776611328,0.007806664798408747
>4O75_1_Chain A_Bromodomain-containing protein 4_Homo sapiens _9606_,K,61,0.7480522394180298,176.54032850265503,C,0.0012912469683215022,0.001846689498052001,0.9968620538711548,S,0.00028178509091958404,0.0001861000491771847,1.2472968592192046e-05,0.0002952385402750224,0.0008966173627413809,0.7497355341911316,0.012134137563407421,0.23645813763141632,-91.03778839111328,-27.407426834106445,0.0028945105150341988
>4O75_1_Chain A_Bromodomain-containing protein 4_Homo sapiens _9606_,T,62,0.6135095357894897,105.52364015579224,C,0.0003013921086676419,0.0029917957726866007,0.9967067837715149,S,3.95362003473565e-05,1.579811578267254e-05,1.6320748272846686e-06,0.0005414602346718311,0.0003795911034103483,0.9410794377326965,0.0034122727811336517,0.05453025549650192,-119.21294403076172,128.0769805908203,0.0011554394150152802
>4O75_1_Chain A_Bromodomain-containing protein 4_Homo sapiens _9606_,P,63,0.26793503761291504,42.60167098045349,C,0.0001855164737207815,0.012352046556770802,0.9874624609947205,C,7.384373020613566e-05,3.4052591217914596e-05,1.3546947457143688e-06,0.004609620664268732,0.006378559395670891,0.06228167191147804,0.003214019350707531,0.9234068989753723,-65.42716979980469,141.6887969970703,0.0011816347250714898
>4O75_1_Chain A_Bromodomain-containing protein 4_Homo sapiens _9606_,M,64,0.0696377158164978,15.598848342895508,E,0.00027570256497710943,0.6931228637695312,0.30660146474838257,B,9.662907541496679e-05,7.194744102889672e-05,3.3791267924243584e-05,0.48145028948783875,0.24495379626750946,0.027467956766486168,0.0008862575050443411,0.24503931403160095,-112.71226501464844,147.32713317871094,0.0009655921603552997
>4O75_1_Chain A_Bromodomain-containing protein 4_Homo sapiens _9606_,D,65,0.18940754234790802,36.55565567314625,E,0.0010288568446412683,0.7280880212783813,0.27088305354118347,E,0.00012904332834295928,0.0007330763037316501,4.189135870547034e-05,0.08905701339244843,0.5396756529808044,0.005967679899185896,0.0012600807240232825,0.36313557624816895,-88.9722671508789,131.80458068847656,0.0007532161544077098
>4O75_1_Chain A_Bromodomain-containing protein 4_Homo sapiens _9606_,M,66,0.025642313063144684,5.743878126144409,H,0.9807093143463135,0.00012468431668821722,0.019165927544236183,H,0.004822907038033009,0.9773082137107849,0.00019928321125917137,1.8364300558459945e-05,7.14223351678811e-05,0.0011188656790181994,0.005029062740504742,0.011431754566729069,-62.29936218261719,-35.86537551879883,0.00019696704111993313
>4O75_1_Chain A_Bromodomain-containing protein 4_Homo sapiens _9606_,G,67,0.30306199193000793,31.518447160720825,H,0.997459352016449,5.781997606391087e-05,0.00248286547139287,H,0.0015683164820075035,0.9963923096656799,0.00034073213464580476,5.078036338090897e-06,2.3173783120000735e-05,0.00012868412886746228,0.0008337030885741115,0.0007078657508827746,-62.11417770385742,-40.36506271362305,0.00036841764813289046
>4O75_1_Chain A_Bromodomain-containing protein 4_Homo sapiens _9606_,T,68,0.1719544231891632,29.576160788536072,H,0.9986051917076111,8.41689616208896e-05,0.0013106534024700522,H,0.001267584622837603,0.9966855645179749,0.0009023201419040561,6.4054593167384155e-06,3.531190304784104e-05,5.989721466903575e-05,0.0007492730510421097,0.00029375540907494724,-66.2903060913086,-40.78384017944336,0.00022402364993467927
>4O75_1_Chain A_Bromodomain-containing protein 4_Homo sapiens _9606_,I,69,0.009788908064365387,1.9284148886799812,H,0.9992375373840332,1.2768496162607335e-05,0.0007497626356780529,H,0.0003970176912844181,0.9976232647895813,0.001354264677502215,1.6109489706650493e-06,6.253658739296952e-06,4.244567026034929e-05,0.0002143038873327896,0.00036081363214179873,-63.7557487487793,-43.270172119140625,0.00017170557111967355
>4O75_1_Chain A_Bromodomain-containing protein 4_Homo sapiens _9606_,K,70,0.2821381092071533,66.58459377288818,H,0.99906986951828,4.730694490717724e-05,0.0008828817517496645,H,0.00022379247820936143,0.9982805252075195,0.0007998934015631676,5.5931927818164695e-06,1.679336855886504e-05,2.4935621695476584e-05,0.00023044104455038905,0.00041793991113081574,-60.76483917236328,-43.93080520629883,0.0007034972659312189
>4O75_1_Chain A_Bromodomain-containing protein 4_Homo sapiens _9606_,K,71,0.512263298034668,120.89413833618164,H,0.9987699389457703,5.2920269808964804e-05,0.0011771830031648278,H,0.0002773020532913506,0.9973301887512207,0.0015009947819635272,3.822128292085836e-06,2.5090323106269352e-05,2.8789690986741334e-05,0.00043086198274977505,0.00040298793464899063,-62.11362838745117,-42.659725189208984,0.0010209729662165046
>4O75_1_Chain A_Bromodomain-containing protein 4_Homo sapiens _9606_,R,72,0.11755426973104477,32.20986990630627,H,0.999201238155365,3.7526831874856725e-05,0.000761235598474741,H,0.0005489466711878777,0.9959028363227844,0.0027319230139255524,4.460223863134161e-06,1.7371145077049732e-05,2.064285581582226e-05,0.0004731694934889674,0.0003005868929903954,-61.6282958984375,-42.705101013183594,0.000702748482581228
>4O75_1_Chain A_Bromodomain-containing protein 4_Homo sapiens _9606_,L,73,0.04981798306107521,10.013414595276117,H,0.9980545043945312,4.461098797037266e-05,0.001900924020446837,H,0.0009120578761212528,0.9951972365379333,0.0022665050346404314,1.2718007383227814e-05,1.3063958249404095e-05,4.8026104195741937e-05,0.0011051320470869541,0.00044523083488456905,-64.85868072509766,-40.55720520019531,0.00036859523970633745
>4O75_1_Chain A_Bromodomain-containing protein 4_Homo sapiens _9606_,E,74,0.5871937870979309,130.9442145228386,H,0.9883493185043335,0.00022344404715113342,0.011427255347371101,H,0.002302379347383976,0.9844614863395691,0.0034894032869488,3.902410026057623e-05,4.912446820526384e-05,0.00019363308092579246,0.008489963598549366,0.0009748900774866343,-65.1091079711914,-35.87635040283203,0.001682851929217577
>4O75_1_Chain A_Bromodomain-containing protein 4_Homo sapiens _9606_,N,75,0.5569939017295837,108.61381083726883,C,0.09310410171747208,0.000189861239050515,0.9067060947418213,T,0.002107451669871807,0.097157783806324,0.001000113901682198,0.00010436074808239937,2.18946752283955e-05,0.019634930416941643,0.8704455494880676,0.009527894668281078,-92.33475494384766,16.866073608398438,0.0007323399768210948
>4O75_1_Chain A_Bromodomain-containing protein 4_Homo sapiens _9606_,N,76,0.629116952419281,122.6778057217598,C,0.012494402006268501,4.548573269858025e-05,0.9874601364135742,T,0.0014527764869853854,0.003652803832665086,0.0005495742661878467,2.396606760157738e-05,8.651868483866565e-06,0.030971195548772812,0.9449251294136047,0.018415899947285652,63.183475494384766,28.715862274169922,0.000676927447784692
>4O75_1_Chain A_Bromodomain-containing protein 4_Homo sapiens _9606_,Y,77,0.3146027624607086,82.74052652716637,C,0.02449573390185833,0.0016478052129969,0.973856508731842,C,0.017351411283016205,0.011235224083065987,0.0004567887808661908,0.0022374787367880344,0.0009443775634281337,0.31572893261909485,0.15556202828884125,0.49648380279541016,-93.94662475585938,-10.53164005279541,0.000963384925853461
>4O75_1_Chain A_Bromodomain-containing protein 4_Homo sapiens _9606_,Y,78,0.040133532136678696,10.555118951946497,C,0.0018013275694102049,0.027133818715810776,0.9710648655891418,C,0.0007799621089361608,0.000501332338899374,6.706051499349996e-05,0.06638453155755997,0.009111175313591957,0.1005706638097763,0.01628575101494789,0.8062995076179504,-112.80220794677734,130.4935302734375,0.0007546875276602805
>4O75_1_Chain A_Bromodomain-containing protein 4_Homo sapiens _9606_,W,79,0.592124879360199,168.7555906176567,C,0.0004883807268925011,0.0013493706937879324,0.9981622099876404,S,0.00017772088176570833,0.00012565958604682237,6.529234269692097e-06,0.0007603024714626372,0.0006932034157216549,0.5928701162338257,0.01408418919891119,0.3912823498249054,-103.44679260253906,-17.726181030273438,0.0006760045071132481
>4O75_1_Chain A_Bromodomain-containing protein 4_Homo sapiens _9606_,N,80,0.47902029752731323,93.40895801782608,C,0.0004808387893717736,0.0023752509150654078,0.9971439242362976,S,7.328348874580115e-05,0.000155793662997894,8.282329872599803e-06,0.0027397938538342714,0.0005200665327720344,0.7268872857093811,0.0038856223691254854,0.26572978496551514,-128.4081268310547,147.35064697265625,0.0015027876943349838
>4O75_1_Chain A_Bromodomain-containing protein 4_Homo sapiens _9606_,A,81,0.07441514730453491,9.599554002285004,H,0.9860512018203735,3.202445077477023e-05,0.013916846364736557,H,0.009144365787506104,0.977257490158081,0.00023974418581929058,2.29561555897817e-05,1.1506710507092066e-05,0.00217788340523839,0.005607484839856625,0.00553844403475523,-58.15467071533203,-38.824825286865234,0.0007595019997097552
>4O75_1_Chain A_Bromodomain-containing protein 4_Homo sapiens _9606_,Q,82,0.6223553419113159,140.02995193004608,H,0.9960630536079407,2.3266866264748387e-05,0.003913655877113342,H,0.00414670817553997,0.9925773739814758,0.00014456907229032367,5.08498396811774e-06,1.2285311640880536e-05,0.00020805856911465526,0.0015037056291475892,0.0014022903051227331,-63.231056213378906,-40.13322448730469,0.0012090443633496761
>4O75_1_Chain A_Bromodomain-containing protein 4_Homo sapiens _9606_,E,83,0.49334415793418884,110.01574721932411,H,0.9970746040344238,6.532279803650454e-05,0.0028600329533219337,H,0.004154887981712818,0.9922947883605957,0.0005163905443623662,7.37632626623963e-06,5.1052847993560135e-05,0.00014246860519051552,0.001469198614358902,0.0013640259858220816,-67.04315185546875,-39.44253158569336,0.001338452217169106
>4O75_1_Chain A_Bromodomain-containing protein 4_Homo sapiens _9606_,C,84,0.014280671253800392,2.3848720993846655,H,0.998477041721344,4.7370445827255026e-05,0.0014756047166883945,H,0.001533748465590179,0.9949501752853394,0.001954765524715185,6.779197065043263e-06,2.8839804144809023e-05,9.986632358049974e-05,0.0006926803034730256,0.0007332514505833387,-64.9207763671875,-42.69636154174805,0.0004106725682504475
>4O75_1_Chain A_Bromodomain-containing protein 4_Homo sapiens _9606_,I,85,0.07297512888908386,14.37610039114952,H,0.9993809461593628,2.14866940950742e-05,0.0005975488456897438,H,0.00024072160886134952,0.9987911581993103,0.0005597913987003267,2.4491591830155812e-06,7.196172646217747e-06,2.2571332010556944e-05,0.00016360757581423968,0.00021240548812784255,-62.36940383911133,-42.50157165527344,0.00023427650739904493
>4O75_1_Chain A_Bromodomain-containing protein 4_Homo sapiens _9606_,Q,86,0.5667836666107178,127.5263249874115,H,0.9992812275886536,3.84855447919108e-05,0.0006803274736739695,H,0.0002262795896967873,0.9986814856529236,0.0006118464516475797,1.1879352541654953e-06,1.7456481145927683e-05,1.630377118999604e-05,0.00024098549329210073,0.00020435386977624148,-62.44325637817383,-42.105224609375,0.0005577003466896713
>4O75_1_Chain A_Bromodomain-containing protein 4_Homo sapiens _9606_,D,87,0.14572952687740326,28.12579868733883,H,0.999025821685791,3.177897451678291e-05,0.0009423340670764446,H,0.00037085454096086323,0.995355486869812,0.0034381935838609934,2.970349441966391e-06,1.279963726119604e-05,3.15553588734474e-05,0.0005540060810744762,0.00023418317141477019,-62.538963317871094,-41.832855224609375,0.0009141789050772786
>4O75_1_Chain A_Bromodomain-containing protein 4_Homo sapiens _9606_,F,88,0.008998868986964226,2.159728556871414,H,0.999321460723877,1.678147236816585e-05,0.0006617717444896698,H,0.00026972717023454607,0.9937312006950378,0.005482976790517569,2.9508155421353877e-06,5.589100055658491e-06,3.5926630516769364e-05,0.0002836172643583268,0.00018804149294737726,-63.93904113769531,-42.765296936035156,0.00017934558854904026
>4O75_1_Chain A_Bromodomain-containing protein 4_Homo sapiens _9606_,N,89,0.36511820554733276,71.19805008172989,H,0.998005211353302,0.00010652867058524862,0.0018883594311773777,H,0.00032395540620200336,0.9897095561027527,0.008768545463681221,8.42641202325467e-06,2.829400727932807e-05,5.559995406656526e-05,0.0006852751830592752,0.0004203586431685835,-63.626068115234375,-38.87617874145508,0.00031529588159173727
>4O75_1_Chain A_Bromodomain-containing protein 4_Homo sapiens _9606_,T,90,0.2767334282398224,47.59814965724945,H,0.9954063892364502,0.00027201022021472454,0.004321652464568615,H,0.000774943851865828,0.9719060659408569,0.024347783997654915,2.414996015431825e-05,9.853272786131129e-05,0.00018337774963583797,0.0018158043967559934,0.00084937724750489,-65.25054168701172,-41.103633880615234,0.0005212093237787485
>4O75_1_Chain A_Bromodomain-containing protein 4_Homo sapiens _9606_,M,91,0.010063535533845425,2.254231959581375,H,0.9966031312942505,7.872118294471875e-05,0.0033180287573486567,H,0.0009279584046453238,0.9687012434005737,0.02802048996090889,1.1904113307537045e-05,2.791903170873411e-05,0.00016554616740904748,0.001361310132779181,0.0007836656295694411,-62.849525451660156,-42.2064094543457,0.0002812215534504503
>4O75_1_Chain A_Bromodomain-containing protein 4_Homo sapiens _9606_,F,92,0.05882524698972702,14.118059277534485,H,0.99561607837677,0.00019292772049084306,0.004190954379737377,H,0.00308988057076931,0.9674035906791687,0.025807492434978485,7.253384683281183e-05,6.355656660161912e-05,0.00026790512492880225,0.002096849959343672,0.0011983613949269056,-62.674034118652344,-39.49528121948242,0.0005809444119222462
>4O75_1_Chain A_Bromodomain-containing protein 4_Homo sapiens _9606_,T,93,0.4954797029495239,85.22250890731812,H,0.9914854168891907,0.0001925947144627571,0.008322067558765411,H,0.004203090909868479,0.94251948595047,0.046940598636865616,3.360383925610222e-05,6.532788393087685e-05,0.0004962590173818171,0.004526154138147831,0.0012154723517596722,-67.02271270751953,-37.42428207397461,0.0006357330130413175
>4O75_1_Chain A_Bromodomain-containing protein 4_Homo sapiens _9606_,N,94,0.21852266788482666,42.6119202375412,H,0.9644489288330078,0.0005497001693584025,0.035001400858163834,H,0.012936826795339584,0.8916133046150208,0.06722686439752579,0.0001605842262506485,0.00017331696290057153,0.0020855756010860205,0.021043619140982628,0.0047598411329090595,-67.2738265991211,-35.08699417114258,0.0010303965536877513
>4O75_1_Chain A_Bromodomain-containing protein 4_Homo sapiens _9606_,C,95,0.020052270963788033,3.3487292509526014,H,0.9028733372688293,0.0016599026275798678,0.09546677768230438,H,0.026371143758296967,0.7644650340080261,0.133523091673851,0.0010263016447424889,0.0005264098872430623,0.013263464905321598,0.03394418954849243,0.02688049152493477,-71.82659149169922,-31.09634017944336,0.0006716957432217896
>4O75_1_Chain A_Bromodomain-containing protein 4_Homo sapiens _9606_,Y,96,0.3477136194705963,91.44868192076683,H,0.947422206401825,0.0017497941153123975,0.050827935338020325,H,0.1426108479499817,0.7449806332588196,0.04020124301314354,0.0012401645071804523,0.0010557313216850162,0.007517263293266296,0.0435900054872036,0.018804088234901428,-63.57689666748047,-37.27086639404297,0.001395325525663793
>4O75_1_Chain A_Bromodomain-containing protein 4_Homo sapiens _9606_,I,97,0.5425873398780823,106.88970595598221,H,0.930672287940979,0.0008542303694412112,0.06847350299358368,H,0.2456386238336563,0.6211186647415161,0.026793865486979485,0.00030501396395266056,0.0005721388151869178,0.015484186820685863,0.07803566008806229,0.012051957659423351,-70.35396575927734,-33.584564208984375,0.0019807431381195784
>4O75_1_Chain A_Bromodomain-containing protein 4_Homo sapiens _9606_,Y,98,0.2678840756416321,70.45351189374924,H,0.9055209159851074,0.0009635648457333446,0.09351559728384018,H,0.19493941962718964,0.6437193155288696,0.018792586401104927,0.000794470717664808,0.0003639468632172793,0.01559477113187313,0.1117173582315445,0.014078067615628242,-87.30645751953125,-22.681509017944336,0.0033418855164200068
>4O75_1_Chain A_Bromodomain-containing protein 4_Homo sapiens _9606_,N,99,0.21517567336559296,41.95925630629063,C,0.03768615052103996,0.011003995314240456,0.9513098001480103,C,0.0050206673331558704,0.024288250133395195,0.003026663325726986,0.03613978996872902,0.002896001562476158,0.3795175552368164,0.039928287267684937,0.5091827511787415,-101.85453796386719,120.21591186523438,0.0028064888902008533
>4O75_1_Chain A_Bromodomain-containing protein 4_Homo sapiens _9606_,K,100,0.5702106952667236,134.56972408294678,C,0.000528093776665628,0.0014052067417651415,0.9980667233467102,C,0.00013862129708286375,0.00018798545352183282,5.439580490929075e-06,0.0022246146108955145,0.0005686807562597096,0.0974188894033432,0.009477791376411915,0.8899779319763184,-68.31761932373047,149.01666259765625,0.0040733362548053265
>4O75_1_Chain A_Bromodomain-containing protein 4_Homo sapiens _9606_,P,101,0.700439453125,111.369873046875,C,0.0022754021920263767,0.0003381286805961281,0.9973865151405334,T,0.0014077883679419756,0.00033739491482265294,3.313157094453345e-06,0.00033977351267822087,4.8242600314551964e-05,0.04173983633518219,0.9218091368675232,0.034314513206481934,-58.73828125,139.60421752929688,0.006868944503366947
>4O75_1_Chain A_Bromodomain-containing protein 4_Homo sapiens _9606_,G,102,0.8277800679206848,86.08912706375122,C,0.0025069459807127714,0.00011372203152859583,0.9973793029785156,T,0.0012521586613729596,0.00036132894456386566,1.2189821973151993e-05,2.277897328895051e-05,3.99133532482665e-05,0.059037208557128906,0.9088878631591797,0.030386516824364662,85.90347290039062,-3.2248051166534424,0.005174083635210991
>4O75_1_Chain A_Bromodomain-containing protein 4_Homo sapiens _9606_,D,103,0.5297334790229797,102.23856145143509,C,0.006503061391413212,0.002593748504295945,0.9909031987190247,C,0.0008408478461205959,0.0043980577029287815,2.5243625714210793e-05,0.003541376208886504,0.001247147680260241,0.2560228705406189,0.012014038860797882,0.7219104170799255,-86.13972473144531,146.1711883544922,0.005274154245853424
>4O75_1_Chain A_Bromodomain-containing protein 4_Homo sapiens _9606_,D,104,0.5794530510902405,111.83443886041641,H,0.7311712503433228,0.009203903377056122,0.25962480902671814,H,0.016479482874274254,0.7472999095916748,0.0012529140803962946,0.008152930065989494,0.0038408772088587284,0.023817678913474083,0.06093607842922211,0.13822013139724731,-65.98560333251953,-34.306095123291016,0.0024381468538194895
>4O75_1_Chain A_Bromodomain-containing protein 4_Homo sapiens _9606_,I,105,0.0739126056432724,14.560783311724663,H,0.9941930174827576,0.0003298576339147985,0.0054771266877651215,H,0.004604030400514603,0.9867820143699646,0.0025989750865846872,7.643461140105501e-05,0.00018118807929567993,0.0004932672600261867,0.0018845307640731335,0.0033795638009905815,-64.18199157714844,-42.7568473815918,0.001920999144203961
>4O75_1_Chain A_Bromodomain-containing protein 4_Homo sapiens _9606_,V,106,0.18421286344528198,32.053038239479065,H,0.998738706111908,0.0001481463696109131,0.0011132319923490286,H,0.0023267597425729036,0.9941051006317139,0.0022770194336771965,2.2514677766594104e-05,9.08245419850573e-05,9.004324965644628e-05,0.0003725265560206026,0.0007152434554882348,-65.0983657836914,-42.8368034362793,0.001639912137761712
>4O75_1_Chain A_Bromodomain-containing protein 4_Homo sapiens _9606_,L,107,0.4908885061740875,98.66858974099159,H,0.9975754618644714,0.00040326931048184633,0.002021242631599307,H,0.0010721338912844658,0.9947599768638611,0.0021624802611768246,1.6798583601485007e-05,0.00023878164938651025,9.123990457737818e-05,0.0007258628611452878,0.0009326746221631765,-65.56446838378906,-42.64150619506836,0.0013578901998698711
>4O75_1_Chain A_Bromodomain-containing protein 4_Homo sapiens _9606_,M,108,0.1918439269065857,42.973039627075195,H,0.9904022216796875,0.0007471867138519883,0.008850458078086376,H,0.0012482648016884923,0.987360417842865,0.003976207692176104,5.5491105740657076e-05,0.00034246582072228193,0.0003216901677660644,0.003851701272651553,0.0028437685687094927,-66.71002197265625,-40.93429946899414,0.0014841632219031453
>4O75_1_Chain A_Bromodomain-containing protein 4_Homo sapiens _9606_,A,109,0.018718276172876358,2.41465762630105,H,0.9950557947158813,4.430405533639714e-05,0.004899964202195406,H,0.0004228831676300615,0.9947338104248047,0.001629191916435957,5.734421392844524e-06,1.5862489817664027e-05,0.0002195273555116728,0.0009357076487503946,0.0020373514853417873,-61.01197052001953,-40.62818145751953,0.0007321289158426225
>4O75_1_Chain A_Bromodomain-containing protein 4_Homo sapiens _9606_,E,110,0.553250253200531,123.37480646371841,H,0.9986419081687927,7.76007873355411e-05,0.001280503929592669,H,0.0002200249582529068,0.9979731440544128,0.0008108536130748689,4.38505503552733e-06,2.978605880343821e-05,3.924761767848395e-05,0.0003373828367330134,0.0005851867026649415,-61.710655212402344,-43.563934326171875,0.0011693520937114954
>4O75_1_Chain A_Bromodomain-containing protein 4_Homo sapiens _9606_,A,111,0.40258827805519104,51.933887869119644,H,0.9992225170135498,4.28864368586801e-05,0.0007346422062255442,H,0.00015975290443748236,0.9986886382102966,0.0005697241285815835,1.1894765066244872e-06,2.2819944206275977e-05,1.891670035547577e-05,0.0002654396230354905,0.00027345449780113995,-62.33441162109375,-43.47660446166992,0.000701946672052145
>4O75_1_Chain A_Bromodomain-containing protein 4_Homo sapiens _9606_,L,112,0.015900690108537674,3.1960387118160725,H,0.9973458647727966,6.311079050647095e-05,0.0025910648982971907,H,0.00023348141985479742,0.9965494871139526,0.0010657722596079111,3.287522986283875e-06,3.9872447814559564e-05,7.759853906463832e-05,0.000790596823208034,0.001239901059307158,-64.35865020751953,-43.148780822753906,0.00039179279701784253
>4O75_1_Chain A_Bromodomain-containing protein 4_Homo sapiens _9606_,E,113,0.240742027759552,53.685472190380096,H,0.998910665512085,6.320625834632665e-05,0.0010261477436870337,H,0.00012393802171573043,0.997878909111023,0.001247376436367631,4.679856829170603e-06,2.0770850824192166e-05,3.3082320442190394e-05,0.00028884742641821504,0.0004024699446745217,-61.174320220947266,-44.14057540893555,0.0009457727428525686
>4O75_1_Chain A_Bromodomain-containing protein 4_Homo sapiens _9606_,K,114,0.6383260488510132,150.6449475288391,H,0.9987119436264038,2.7569833036977798e-05,0.0012604882940649986,H,0.00014043856936041266,0.9981777667999268,0.0008206460624933243,1.4603105000787764e-06,1.2651084034587257e-05,3.359912443556823e-05,0.00039916406967677176,0.0004143864498473704,-61.87261962890625,-44.36525344848633,0.0008977229590527713
>4O75_1_Chain A_Bromodomain-containing protein 4_Homo sapiens _9606_,L,115,0.2374214231967926,47.72170606255531,H,0.9978860020637512,2.2588737920159474e-05,0.0020914252381771803,H,0.00017914900672622025,0.9966999888420105,0.001839261967688799,1.5369982975244056e-06,9.078565199160948e-06,6.0709651734214276e-05,0.0006810781778767705,0.0005291719571687281,-62.904788970947266,-45.06797790527344,0.0006483717588707805
>4O75_1_Chain A_Bromodomain-containing protein 4_Homo sapiens _9606_,F,116,0.015437201596796513,3.704928383231163,H,0.996052622795105,3.435312828514725e-05,0.003913017921149731,H,0.0005546471802517772,0.9921320080757141,0.004426256287842989,7.084157459757989e-06,1.2478174539864995e-05,0.00020024878904223442,0.0014746239176020026,0.0011924883583560586,-63.71985626220703,-44.08456802368164,0.0006909239455126226
>4O75_1_Chain A_Bromodomain-containing protein 4_Homo sapiens _9606_,L,117,0.3428143560886383,68.9056855738163,H,0.9929910898208618,7.174749043770134e-05,0.006937138270586729,H,0.0010949540883302689,0.991136908531189,0.00240615988150239,1.3431755178316962e-05,3.334437496960163e-05,0.00026737633743323386,0.0021613852586597204,0.002886462491005659,-61.93501281738281,-41.72867965698242,0.0015732148895040154
>4O75_1_Chain A_Bromodomain-containing protein 4_Homo sapiens _9606_,Q,118,0.5892497897148132,132.58120268583298,H,0.9900186061859131,6.352889613481238e-05,0.009917866438627243,H,0.00167887716088444,0.9881600141525269,0.0023703561164438725,7.430136975017376e-06,4.223843279760331e-05,0.0002999845892190933,0.0038762937765568495,0.0035647996701300144,-63.077423095703125,-41.07757568359375,0.0029895652551203966
>4O75_1_Chain A_Bromodomain-containing protein 4_Homo sapiens _9606_,K,119,0.264489084482193,62.419423937797546,H,0.9729559421539307,0.00017244268383365124,0.026871642097830772,H,0.00685178441926837,0.9466944336891174,0.018537117168307304,5.1569833885878325e-05,9.444146417081356e-05,0.0016408009687438607,0.0189630426466465,0.0071669830940663815,-66.65406799316406,-38.8428955078125,0.007995804771780968
>4O75_1_Chain A_Bromodomain-containing protein 4_Homo sapiens _9606_,I,120,0.0797777771949768,15.716222107410431,H,0.9508941173553467,0.000304289540508762,0.04880162701010704,H,0.014413038268685341,0.9286940097808838,0.011663482524454594,0.00014790271234232932,0.00013075566675979644,0.002860754495486617,0.030362622812390327,0.011727382428944111,-67.24165344238281,-37.237030029296875,0.0031328469049185514
>4O75_1_Chain A_Bromodomain-containing protein 4_Homo sapiens _9606_,N,121,0.809671938419342,157.8860279917717,H,0.7896510362625122,0.0003601625212468207,0.2099887877702713,H,0.027630239725112915,0.7848158478736877,0.0023317032027989626,9.606240928405896e-05,0.00018181971972808242,0.004980366677045822,0.15272895991802216,0.02723497338593006,-69.26707458496094,-25.888885498046875,0.008946195244789124
>4O75_1_Chain A_Bromodomain-containing protein 4_Homo sapiens _9606_,E,122,0.734321117401123,163.75360918045044,C,0.4543896019458771,0.0007581535610370338,0.5448522567749023,T,0.04817851260304451,0.3852913975715637,0.005232473835349083,0.00043001174344681203,0.00033266874379478395,0.04162099212408066,0.4585598111152649,0.060354139655828476,-89.47190856933594,-9.831131935119629,0.02593925967812538
>4O75_1_Chain A_Bromodomain-containing protein 4_Homo sapiens _9606_,L,123,0.1784152388572693,35.86146301031113,C,0.01701955869793892,0.001880351104773581,0.9811000823974609,S,0.0025348812341690063,0.008482157252728939,0.00026117052766494453,0.001889434875920415,0.0006624801899306476,0.5628870129585266,0.01684831641614437,0.4064345955848694,-80.73236846923828,136.9590606689453,0.03876886144280434
>4O75_1_Chain A_Bromodomain-containing protein 4_Homo sapiens _9606_,P,124,0.47089752554893494,74.87270656228065,C,0.010977515950798988,0.0027749021537601948,0.9862475991249084,C,0.0028278434183448553,0.002732256194576621,3.1485946237808093e-05,0.0021311072632670403,0.0009480159496888518,0.04142714664340019,0.017780661582946777,0.9321215152740479,-65.77311706542969,149.13555908203125,0.06305262446403503
>4O75_1_Chain A_Bromodomain-containing protein 4_Homo sapiens _9606_,T,125,0.7658824920654297,131.7317886352539,C,0.03063456155359745,0.007723911665380001,0.9616415500640869,C,0.015769531950354576,0.010689846239984035,8.670413808431476e-05,0.00579778803512454,0.004642036277800798,0.09645482897758484,0.07242199033498764,0.7941372394561768,-86.95289611816406,115.70023345947266,0.25362372398376465
>4O75_1_Chain A_Bromodomain-containing protein 4_Homo sapiens _9606_,E,126,0.779708743095398,173.87504971027374,C,0.007445125374943018,0.0020946066360920668,0.9904602766036987,C,0.002298821695148945,0.0027971507515758276,3.455329715507105e-05,0.0006668689311482012,0.0013101807562634349,0.014090252108871937,0.015510049648582935,0.963292121887207,-91.68283081054688,143.8505096435547,0.6241070628166199
>4O75_1_Chain A_Bromodomain-containing protein 4_Homo sapiens _9606_,E,127,0.7341605424880981,163.7178009748459,C,0.006825006566941738,0.0035495604388415813,0.9896253943443298,C,0.0022739889100193977,0.0032525893766433,6.682547245873138e-05,0.0011914810165762901,0.0022933981381356716,0.023106412962079048,0.016539836302399635,0.9512755274772644,-94.5864028930664,126.8106689453125,0.6512084603309631
>5K28_1_Chains A _Mitogen-activated protein kinase kinase kinase 11_Homo sapiens _9606_,H,1,0.8837748765945435,197.96557235717773,C,0.0008288720273412764,0.001455500372685492,0.9977155923843384,C,0.00027679672348313034,0.0002085580927086994,5.017961484554689e-06,0.0001801605976652354,0.001124682603403926,0.007293527014553547,0.0049046860076487064,0.9860066175460815,-85.46345520019531,141.69175720214844,0.3165336549282074
>5K28_1_Chains A _Mitogen-activated protein kinase kinase kinase 11_Homo sapiens _9606_,M,2,0.49831363558769226,111.62225437164307,C,0.0014721016632393003,0.04808886721730232,0.9504390358924866,C,0.0009232123265974224,0.0006459724390879273,4.0987088141264394e-05,0.0096638398244977,0.037739191204309464,0.07553400844335556,0.005617527291178703,0.8698352575302124,-95.32520294189453,140.6595458984375,0.14524225890636444
>5K28_1_Chains A _Mitogen-activated protein kinase kinase kinase 11_Homo sapiens _9606_,P,3,0.4402015209197998,69.99204182624817,C,0.0004278122796677053,0.0356546975672245,0.9639175534248352,C,0.00018527919019106776,9.605789091438055e-05,2.8135868888057303e-06,0.001201461418531835,0.02947494015097618,0.025444641709327698,0.003433109261095524,0.9401617050170898,-68.22579956054688,146.1611785888672,0.04128696396946907
>5K28_1_Chains A _Mitogen-activated protein kinase kinase kinase 11_Homo sapiens _9606_,V,4,0.3607510030269623,62.77067452669144,E,0.00020960108668077737,0.8019639849662781,0.19782651960849762,E,0.00010221526463283226,6.246047269087285e-05,1.0863188435905613e-05,0.00920776929706335,0.7789176106452942,0.008386160247027874,0.0011381403310224414,0.2021748274564743,-111.52658081054688,139.00442504882812,0.008568882010877132
>5K28_1_Chains A _Mitogen-activated protein kinase kinase kinase 11_Homo sapiens _9606_,W,5,0.045257411897182465,12.898362390697002,E,8.617350431450177e-06,0.9907190203666687,0.009272392839193344,E,2.7645899081107927e-06,2.877546421586885e-06,8.126723969326122e-07,0.0012693606549873948,0.9902970194816589,0.00017427904822397977,2.2495631128549576e-05,0.008230435661971569,-135.418212890625,149.32742309570312,0.0027068275958299637
>5K28_1_Chains A _Mitogen-activated protein kinase kinase kinase 11_Homo sapiens _9606_,T,6,0.21973556280136108,37.794516801834106,E,1.4587400073651224e-05,0.9972483515739441,0.0027369994204491377,E,4.363498192105908e-06,5.855478320881957e-06,9.747866442921804e-07,0.0013324822066351771,0.9955781102180481,6.44625979475677e-05,1.1530225492606405e-05,0.0030022321734577417,-111.630615234375,133.94281005859375,0.002932180417701602
>5K28_1_Chains A _Mitogen-activated protein kinase kinase kinase 11_Homo sapiens _9606_,A,7,0.009895218536257744,1.276483191177249,E,2.7947929993388243e-05,0.977837085723877,0.022134991362690926,E,9.071150998352095e-06,6.5202716541534755e-06,1.7242753358459595e-07,0.0012753685005009174,0.9749133586883545,0.00015176873421296477,5.063449134468101e-05,0.023592988029122353,-88.10388946533203,132.6580352783203,0.0014188754139468074
>5K28_1_Chains A _Mitogen-activated protein kinase kinase kinase 11_Homo sapiens _9606_,L,8,0.41863492131233215,84.14561918377876,C,0.0005633694818243384,0.21999606490135193,0.7794406414031982,S,0.00025277663371525705,0.00011131737846881151,1.0589435987640172e-05,0.000755086075514555,0.19977590441703796,0.5668006539344788,0.011517958715558052,0.2207757532596588,-91.75309753417969,-24.19964027404785,0.002402055310085416
>5K28_1_Chains A _Mitogen-activated protein kinase kinase kinase 11_Homo sapiens _9606_,F,9,0.3766736686229706,90.40168046951294,C,0.0005672298721037805,0.20503035187721252,0.7944023609161377,S,0.00024373426276724786,4.361878745839931e-05,1.7551026758155786e-05,0.006564656738191843,0.062266431748867035,0.8333788514137268,0.0032627785112708807,0.09422240406274796,-143.89175415039062,152.0155487060547,0.003722917987033725
>5K28_1_Chains A _Mitogen-activated protein kinase kinase kinase 11_Homo sapiens _9606_,D,10,0.6678557991981506,128.89616924524307,C,0.001568975392729044,0.11311478167772293,0.8853162527084351,C,0.0018834734801203012,0.00021316266793292016,4.521286427916493e-06,0.027402853593230247,0.08324285596609116,0.06582067161798477,0.009646869264543056,0.8117856383323669,-74.99409484863281,133.18386840820312,0.005050948355346918
>5K28_1_Chains A _Mitogen-activated protein kinase kinase kinase 11_Homo sapiens _9606_,Y,11,0.11562420427799225,30.40916572511196,E,0.001116212923079729,0.5705366134643555,0.4283471405506134,C,0.0008000395609997213,0.00024817101075313985,2.1330024537746795e-05,0.29867684841156006,0.28779223561286926,0.019670460373163223,0.004152774345129728,0.3886381983757019,-115.73230743408203,138.04783630371094,0.007294006180018187
>5K28_1_Chains A _Mitogen-activated protein kinase kinase kinase 11_Homo sapiens _9606_,E,12,0.7097564935684204,158.27569806575775,C,8.647869253763929e-05,0.05696365609765053,0.9429498314857483,C,5.316703027347103e-05,1.1636821000138298e-05,1.1528685490702628e-06,0.005676875356584787,0.044057030230760574,0.034218158572912216,0.001228267210535705,0.9147537350654602,-102.40145111083984,128.35740661621094,0.0064697605557739735
>5K28_1_Chains A _Mitogen-activated protein kinase kinase kinase 11_Homo sapiens _9606_,P,13,0.3248370587825775,51.649092346429825,C,0.0013724910095334053,0.036857664585113525,0.9617698788642883,C,0.002045020228251815,0.0002390930021647364,8.644633453513961e-06,0.008782969787716866,0.029689187183976173,0.0514121949672699,0.06578707695007324,0.8420357704162598,-61.54683303833008,145.867431640625,0.010408681817352772
>5K28_1_Chains A _Mitogen-activated protein kinase kinase kinase 11_Homo sapiens _9606_,S,14,0.8219744563102722,127.4060407280922,C,0.0013767738128080964,0.01796276867389679,0.9806604981422424,C,0.0014905849238857627,0.00027173125999979675,1.9904044165741652e-05,0.008154209703207016,0.015675852075219154,0.2565467059612274,0.055559344589710236,0.6622816920280457,-105.98112487792969,-0.4071161448955536,0.012355287559330463
>5K28_1_Chains A _Mitogen-activated protein kinase kinase kinase 11_Homo sapiens _9606_,G,15,0.48518332839012146,50.45906615257263,C,0.008428500033915043,0.03588229790329933,0.9556891918182373,S,0.003992302808910608,0.0009268763242289424,6.378576654242352e-05,0.009659691713750362,0.010915357619524002,0.6952590942382812,0.013898426666855812,0.2652844190597534,-136.97076416015625,164.70864868164062,0.03207354620099068
>5K28_1_Chains A _Mitogen-activated protein kinase kinase kinase 11_Homo sapiens _9606_,Q,16,0.8808692693710327,198.19558560848236,C,0.049322064965963364,0.002618670230731368,0.9480592012405396,T,0.061407580971717834,0.004559660796076059,2.3516984583693556e-05,0.000265533453784883,0.0012340459506958723,0.23839496076107025,0.6387083530426025,0.055406354367733,-68.17929077148438,-19.95658302307129,0.01888277754187584
>5K28_1_Chains A _Mitogen-activated protein kinase kinase kinase 11_Homo sapiens _9606_,D,17,0.65693199634552,126.78787529468536,C,0.053139641880989075,0.007311078254133463,0.9395492672920227,T,0.07268448173999786,0.005989952478557825,8.131610957207158e-05,0.0012080142041668296,0.004413600545376539,0.11939596384763718,0.7117486596107483,0.0844779759645462,-83.07502746582031,7.765567302703857,0.014859810471534729
>5K28_1_Chains A _Mitogen-activated protein kinase kinase kinase 11_Homo sapiens _9606_,E,18,0.26691934466362,59.52301385998726,C,0.06248774379491806,0.3838394284248352,0.5536727905273438,C,0.06812545657157898,0.012392056174576283,0.0003564614453352988,0.1969001442193985,0.21768459677696228,0.11590094119310379,0.06051607429981232,0.3281242549419403,-91.96685028076172,65.00274658203125,0.014600569382309914
>5K28_1_Chains A _Mitogen-activated protein kinase kinase kinase 11_Homo sapiens _9606_,L,19,0.021968796849250793,4.4157281666994095,C,0.002535835839807987,0.4811393916606903,0.5163247585296631,C,0.0018310986924916506,0.000643561827018857,1.8186343368142843e-05,0.14229939877986908,0.29935306310653687,0.06879357993602753,0.0035894380416721106,0.4834716320037842,-102.89004516601562,129.76051330566406,0.003233982715755701
>5K28_1_Chains A _Mitogen-activated protein kinase kinase kinase 11_Homo sapiens _9606_,A,20,0.34733861684799194,44.80668157339096,C,0.001786968787200749,0.2060934454202652,0.792119562625885,C,0.000638703815639019,0.0002675651921890676,6.50082665742957e-06,0.03352257236838341,0.0980970710515976,0.021869616582989693,0.0044908286072313786,0.8411071300506592,-86.9964828491211,135.4199981689453,0.0035669123753905296
>5K28_1_Chains A _Mitogen-activated protein kinase kinase kinase 11_Homo sapiens _9606_,L,21,0.0175650455057621,3.530574146658182,C,0.0006864095921628177,0.447820782661438,0.5514928102493286,C,0.00035013226442970335,0.00011789402924478054,3.340777993798838e-06,0.1705973744392395,0.19032682478427887,0.010804763995110989,0.0018685146933421493,0.6259311437606812,-101.05146789550781,137.22743225097656,0.0016083752270787954
>5K28_1_Chains A _Mitogen-activated protein kinase kinase kinase 11_Homo sapiens _9606_,R,22,0.5751501321792603,157.5911362171173,C,0.00015074462862685323,0.01706148125231266,0.9827877879142761,C,3.1046838557813317e-05,1.5794403225299902e-05,2.865274097985093e-07,0.005259201396256685,0.0052189608104527,0.009226798079907894,0.0008103757863864303,0.979437530040741,-105.84539031982422,157.53372192382812,0.0029115357901901007
>5K28_1_Chains A _Mitogen-activated protein kinase kinase kinase 11_Homo sapiens _9606_,K,23,0.6961719393730164,164.29657769203186,C,0.0018083028262481093,0.001064067822881043,0.9971275925636292,T,0.0006992992130108178,6.552136619575322e-05,1.3275860055728117e-07,9.558637975715101e-05,5.6541688536526635e-05,0.005932071711868048,0.989949107170105,0.0032017750199884176,-48.60932159423828,132.7630157470703,0.0038359679747372866
>5K28_1_Chains A _Mitogen-activated protein kinase kinase kinase 11_Homo sapiens _9606_,G,24,0.6871925592422485,71.46802616119385,C,0.0011044226121157408,0.0004508016863837838,0.9984448552131653,T,0.0002821440575644374,2.6230874937027693e-05,1.926319100675755e-06,8.95302673598053e-06,5.6383676565019414e-05,0.005154753103852272,0.9892531037330627,0.005216503515839577,93.3026123046875,-9.479375839233398,0.004033866338431835
>5K28_1_Chains A _Mitogen-activated protein kinase kinase kinase 11_Homo sapiens _9606_,D,25,0.2852240800857544,55.0482474565506,C,0.00018838194955606014,0.01414297055453062,0.9856686592102051,C,7.072063453961164e-05,3.209411079296842e-05,9.961377145373262e-08,0.001254633767530322,0.00934657547622919,0.03539445623755455,0.0011278234887868166,0.9527735710144043,-66.9019775390625,148.10855102539062,0.0060112555511295795
>5K28_1_Chains A _Mitogen-activated protein kinase kinase kinase 11_Homo sapiens _9606_,R,26,0.5959258675575256,163.28368771076202,E,0.00012636970495805144,0.9680679440498352,0.03180569410324097,E,3.940664464607835e-05,3.4342152503086254e-05,1.4248469142330578e-06,0.01375641580671072,0.9451829195022583,0.0007625544094480574,0.00016628151934128255,0.04005655646324158,-95.17190551757812,132.0268096923828,0.0026985355652868748
>5K28_1_Chains A _Mitogen-activated protein kinase kinase kinase 11_Homo sapiens _9606_,V,27,0.01948467269539833,3.3903330489993095,E,7.397745503112674e-05,0.9935274720191956,0.00639845198020339,E,1.664730916672852e-05,1.909879756567534e-05,2.862727228603035e-07,0.00029784339130856097,0.9928194880485535,7.351605745498091e-05,2.7989284717477858e-05,0.0067451572977006435,-118.75430297851562,136.8078155517578,0.0008298841421492398
>5K28_1_Chains A _Mitogen-activated protein kinase kinase kinase 11_Homo sapiens _9606_,E,28,0.4125698208808899,92.00307005643845,E,0.0002504166623111814,0.9951211810112,0.004628376569598913,E,5.174656325834803e-05,9.306070569436997e-05,2.8543240659928415e-06,0.0006797119276598096,0.9940273761749268,0.00011412849562475458,3.5961678804596886e-05,0.004995249677449465,-106.30473327636719,127.67729949951172,0.002971142763271928
>5K28_1_Chains A _Mitogen-activated protein kinase kinase kinase 11_Homo sapiens _9606_,V,29,0.03399874269962311,5.915781229734421,E,0.0002613766700960696,0.9933085441589355,0.006430080626159906,E,6.118675082689151e-05,8.452609472442418e-05,8.354619467354496e-07,0.0005854073096998036,0.9928277134895325,7.436722080456093e-05,8.874680497683585e-05,0.006277302745729685,-86.9130630493164,119.65935516357422,0.001451878692023456
>5K28_1_Chains A _Mitogen-activated protein kinase kinase kinase 11_Homo sapiens _9606_,L,30,0.33043017983436584,66.41646614670753,E,0.003935543820261955,0.7588658928871155,0.23719865083694458,E,0.0006024471949785948,0.0012877271510660648,6.517881411127746e-05,0.0004674155206885189,0.7838005423545837,0.08634354174137115,0.007603023201227188,0.11983010172843933,-91.05636596679688,-27.391101837158203,0.002791865263134241
>5K28_1_Chains A _Mitogen-activated protein kinase kinase kinase 11_Homo sapiens _9606_,S,31,0.366102010011673,56.74581155180931,E,0.0033845410216599703,0.6920832395553589,0.3045322299003601,E,0.0017517759697511792,0.0012046528281643987,0.00010388030204921961,0.0063214353285729885,0.684791624546051,0.12709172070026398,0.005978774279356003,0.1727561056613922,-147.16598510742188,155.1818084716797,0.004481392912566662
>5K28_1_Chains A _Mitogen-activated protein kinase kinase kinase 11_Homo sapiens _9606_,R,32,0.5513237714767456,151.0627133846283,C,0.014024174772202969,0.4077646732330322,0.5782111287117004,C,0.008123342879116535,0.004808783531188965,0.00021531830134335905,0.01822761259973049,0.3833945095539093,0.11636918038129807,0.021641872823238373,0.4472193717956543,-104.11693572998047,118.6942138671875,0.014804841950535774
>5K28_1_Chains A _Mitogen-activated protein kinase kinase kinase 11_Homo sapiens _9606_,D,33,0.3665406405925751,70.74234363436699,C,0.026007480919361115,0.211708202958107,0.7622843384742737,C,0.013427452184259892,0.009092681109905243,0.00033832588815130293,0.025941412895917892,0.16098670661449432,0.0823577269911766,0.027957018464803696,0.679898738861084,-97.22161865234375,110.80399322509766,0.03770947828888893
>5K28_1_Chains A _Mitogen-activated protein kinase kinase kinase 11_Homo sapiens _9606_,A,34,0.5792933106422424,74.72883707284927,C,0.20474982261657715,0.0650147870182991,0.7302353978157043,C,0.12989434599876404,0.07814013957977295,0.0008434048504568636,0.006416916381567717,0.06015888974070549,0.1992076337337494,0.1786041557788849,0.34673449397087097,-76.40413665771484,-18.586105346679688,0.04114881157875061
>5K28_1_Chains A _Mitogen-activated protein kinase kinase kinase 11_Homo sapiens _9606_,A,35,0.6112450361251831,78.85060966014862,C,0.20236001908779144,0.04760104790329933,0.7500389218330383,C,0.1702936440706253,0.06315164268016815,0.0007532486924901605,0.007462750654667616,0.03926723450422287,0.1586335450410843,0.27643007040023804,0.28400781750679016,-81.76785278320312,-7.342012405395508,0.04352021962404251
>5K28_1_Chains A _Mitogen-activated protein kinase kinase kinase 11_Homo sapiens _9606_,I,36,0.31763628125190735,62.57434740662575,C,0.18311455845832825,0.06946118175983429,0.7474241852760315,C,0.14301078021526337,0.05011197552084923,0.001243119826540351,0.021235818043351173,0.03877924010157585,0.24496318399906158,0.16406504809856415,0.33659088611602783,-94.86643981933594,32.47003936767578,0.0456952340900898
>5K28_1_Chains A _Mitogen-activated protein kinase kinase kinase 11_Homo sapiens _9606_,S,37,0.4608086049556732,71.42533376812935,C,0.07570239156484604,0.04820382222533226,0.8760938048362732,C,0.05257377773523331,0.02348630502820015,0.0004317662969697267,0.023117972537875175,0.02733463980257511,0.16678574681282043,0.2264782041311264,0.47979164123535156,-85.42950439453125,118.7934341430664,0.03400571644306183
>5K28_1_Chains A _Mitogen-activated protein kinase kinase kinase 11_Homo sapiens _9606_,G,38,0.7515673041343689,78.16299962997437,C,0.018840471282601357,0.02129105105996132,0.9598684310913086,S,0.015951672568917274,0.0033808399457484484,0.0002167331986129284,0.0033528252970427275,0.015383529476821423,0.3793293535709381,0.31728658080101013,0.2650984525680542,80.8857650756836,-10.749350547790527,0.022902101278305054
>5K28_1_Chains A _Mitogen-activated protein kinase kinase kinase 11_Homo sapiens _9606_,D,39,0.48345401883125305,93.30662563443184,C,0.013943655416369438,0.05846109241247177,0.9275951981544495,C,0.012075411155819893,0.0027544156182557344,8.600757428212091e-05,0.026729987934231758,0.029817700386047363,0.3883996605873108,0.05125812068581581,0.4888787567615509,-102.3190689086914,137.10765075683594,0.02850160002708435
>5K28_1_Chains A _Mitogen-activated protein kinase kinase kinase 11_Homo sapiens _9606_,E,40,0.7570008039474487,168.81117928028107,C,0.02478552609682083,0.024569636210799217,0.950644850730896,T,0.023167183622717857,0.004796878434717655,7.17831717338413e-05,0.0034325977321714163,0.01465207152068615,0.28901270031929016,0.5387474894523621,0.12611925601959229,-71.22979736328125,50.363075256347656,0.022758042439818382
>5K28_1_Chains A _Mitogen-activated protein kinase kinase kinase 11_Homo sapiens _9606_,G,41,0.3186996579170227,33.14476442337036,C,0.021691445261240005,0.09322042018175125,0.8850881457328796,T,0.023411933332681656,0.0033018304966390133,9.1510359197855e-05,0.0017485507996752858,0.09335941821336746,0.1955515295267105,0.47950541973114014,0.20302973687648773,109.1905288696289,-9.498719215393066,0.004262456204742193
>5K28_1_Chains A _Mitogen-activated protein kinase kinase kinase 11_Homo sapiens _9606_,W,42,0.09637004882097244,27.465463913977146,E,0.011938144452869892,0.6927782297134399,0.29528358578681946,E,0.006328788585960865,0.002966028405353427,5.8918150898534805e-05,0.006285196170210838,0.6815528869628906,0.04291901737451553,0.013666793704032898,0.24622240662574768,-113.04653930664062,149.49862670898438,0.0013388756196945906
>5K28_1_Chains A _Mitogen-activated protein kinase kinase kinase 11_Homo sapiens _9606_,W,43,0.06774028390645981,19.305980913341045,E,0.0006016462575644255,0.9812590479850769,0.018139326944947243,E,0.0001299232098972425,0.0002494441287126392,6.3529982980981e-06,0.0011883925180882215,0.9798370003700256,0.0012274733744561672,0.00033826834987848997,0.017023108899593353,-109.79725646972656,139.67555236816406,0.0009038122952915728
>5K28_1_Chains A _Mitogen-activated protein kinase kinase kinase 11_Homo sapiens _9606_,A,44,0.14075195789337158,18.157002568244934,E,0.00018407175957690924,0.9939970970153809,0.005818828009068966,E,2.3468228391720913e-05,8.152740338118747e-05,2.162682221751311e-06,0.0002338116173632443,0.9930921792984009,0.00021133980771992356,6.881073204567656e-05,0.006286734249442816,-112.44187927246094,140.38677978515625,0.0004471357096917927
>5K28_1_Chains A _Mitogen-activated protein kinase kinase kinase 11_Homo sapiens _9606_,G,45,0.01908901333808899,1.9852573871612549,E,3.174597804900259e-05,0.998665452003479,0.001302761142142117,E,5.056874215370044e-06,1.1156110304000322e-05,1.6915564629016444e-06,4.9871159717440605e-05,0.9987012147903442,8.96196870598942e-05,1.4208279026206583e-05,0.0011272372212260962,-151.06259155273438,-178.0306396484375,0.00020189964561723173
>5K28_1_Chains A _Mitogen-activated protein kinase kinase kinase 11_Homo sapiens _9606_,Q,46,0.38614678382873535,86.88302636146545,E,5.60203698114492e-05,0.9977097511291504,0.0022342074662446976,E,2.737568320299033e-05,1.936336229846347e-05,2.6061754851980368e-06,0.00031349295750260353,0.9979099631309509,0.00015878280100878328,7.638386887265369e-05,0.0014919416280463338,-117.55194854736328,132.8443145751953,0.0007725676987320185
>5K28_1_Chains A _Mitogen-activated protein kinase kinase kinase 11_Homo sapiens _9606_,V,47,0.06892506033182144,11.99296049773693,E,0.0003058372240047902,0.9871845841407776,0.01250954158604145,E,0.0003146783565171063,9.606368257664144e-05,9.185980161419138e-06,0.0017308556707575917,0.9875860214233398,0.000810264959000051,0.0023665358312427998,0.00708650192245841,-128.43331909179688,117.70874786376953,0.0008585610194131732
>5K28_1_Chains A _Mitogen-activated protein kinase kinase kinase 11_Homo sapiens _9606_,G,48,0.8526424169540405,88.67481136322021,C,0.0035235697869211435,0.0017345288069918752,0.9947419166564941,T,0.0014575462555512786,7.984988042153418e-05,2.441745436954079e-06,1.0415355973236728e-05,0.0003176961909048259,0.0071447743102908134,0.9883946180343628,0.0025926949456334114,52.49994659423828,33.431365966796875,0.003844057209789753
>5K28_1_Chains A _Mitogen-activated protein kinase kinase kinase 11_Homo sapiens _9606_,G,49,0.8749708533287048,90.9969687461853,C,0.005422088783234358,0.0012904913164675236,0.9932873845100403,T,0.0011053216876462102,7.977810309967026e-05,3.7085599160491256e-06,4.384495241538389e-06,0.0001726198970573023,0.006976500619202852,0.9894631505012512,0.0021945226471871138,78.06458282470703,3.339250326156616,0.007493560668081045
>5K28_1_Chains A _Mitogen-activated protein kinase kinase kinase 11_Homo sapiens _9606_,Q,50,0.5823272466659546,131.02363049983978,E,0.00015558676386717707,0.9690240025520325,0.03082045540213585,E,0.0001605989527888596,3.431537334108725e-05,1.942563812917797e-06,0.0024341216776520014,0.9756122827529907,0.003713603364303708,0.0034027020446956158,0.014640416018664837,-110.91339111328125,142.4193572998047,0.0018599524628371
>5K28_1_Chains A _Mitogen-activated protein kinase kinase kinase 11_Homo sapiens _9606_,V,51,0.4028933644294739,70.10344541072845,E,3.386097159818746e-05,0.9913777112960815,0.008588401600718498,E,1.106707441067556e-05,1.059858641383471e-05,5.091748107588501e-07,0.0004940577782690525,0.9918519854545593,0.0003042708558496088,0.0001770026283338666,0.007150584831833839,-110.35981750488281,131.57595825195312,0.0003686253330670297
>5K28_1_Chains A _Mitogen-activated protein kinase kinase kinase 11_Homo sapiens _9606_,G,52,0.022675305604934692,2.358231782913208,E,1.0899595508817583e-05,0.9889037013053894,0.011085430160164833,E,3.496031922622933e-06,2.0201857751089847e-06,1.1730403457477223e-06,0.00020321372721809894,0.9922093152999878,0.0004849433898925781,0.00011268343223491684,0.006983081344515085,-169.36058044433594,-174.43118286132812,0.0001692959340289235
>5K28_1_Chains A _Mitogen-activated protein kinase kinase kinase 11_Homo sapiens _9606_,I,53,0.09901288151741028,19.505537658929825,E,1.5044935935293324e-05,0.9949774146080017,0.005007453728467226,E,6.914356617926387e-06,5.449639047583332e-06,2.0280631360947154e-06,0.001128787873312831,0.9943015575408936,0.0003458367136772722,3.6638215533457696e-05,0.004172754939645529,-115.88139343261719,134.45562744140625,0.0003993067657575011
>5K28_1_Chains A _Mitogen-activated protein kinase kinase kinase 11_Homo sapiens _9606_,F,54,0.01109797228127718,2.663513347506523,E,2.0781082639587112e-05,0.9724941253662109,0.02748515084385872,E,8.30215049063554e-06,8.252379302575719e-06,3.1547249363939045e-06,0.0025948837865144014,0.9734912514686584,0.001542012905701995,4.880943015450612e-05,0.022303245961666107,-126.39328002929688,132.7939453125,0.00037120492197573185
>5K28_1_Chains A _Mitogen-activated protein kinase kinase kinase 11_Homo sapiens _9606_,P,55,0.05283116176724434,8.40015472099185,E,0.0010248322505503893,0.8622800707817078,0.13669507205486298,E,0.00047179198008961976,0.0002150541404262185,1.0185818609897979e-05,0.003213750896975398,0.8828675746917725,0.006245571654289961,0.0010940688662230968,0.10588198155164719,-67.15110778808594,145.35916137695312,0.0001729906944092363
>5K28_1_Chains A _Mitogen-activated protein kinase kinase kinase 11_Homo sapiens _9606_,S,56,0.06395942717790604,9.913711212575436,H,0.7149838805198669,0.0441875122487545,0.24082854390144348,G,0.8253360986709595,0.04022761061787605,0.0005891135660931468,0.0008949048933573067,0.02038688398897648,0.022341260686516762,0.040947701781988144,0.04927634820342064,-66.08818054199219,-36.09278869628906,0.0002571770455688238
>5K28_1_Chains A _Mitogen-activated protein kinase kinase kinase 11_Homo sapiens _9606_,N,57,0.1978670358657837,38.58407199382782,H,0.8426775336265564,0.02237924560904503,0.1349431723356247,G,0.8521308898925781,0.06457362323999405,0.0010614768834784627,0.0005333014414645731,0.0071089304983615875,0.016075629740953445,0.049016453325748444,0.00949979480355978,-79.40434265136719,-14.791443824768066,0.0007897350005805492
>5K28_1_Chains A _Mitogen-activated protein kinase kinase kinase 11_Homo sapiens _9606_,Y,58,0.11201614886522293,29.46024715155363,H,0.790969967842102,0.08870929479598999,0.12032078951597214,G,0.7683774828910828,0.1168229803442955,0.001796094118617475,0.0033003895077854395,0.03466785326600075,0.01583588868379593,0.040455568581819534,0.018743854016065598,-97.31576538085938,-2.623756170272827,0.0019642107654362917
>5K28_1_Chains A _Mitogen-activated protein kinase kinase kinase 11_Homo sapiens _9606_,V,59,0.02539803832769394,4.419258669018745,E,0.008505037054419518,0.8696372509002686,0.12185775488615036,E,0.0025078156031668186,0.005494626238942146,0.00014978699618950486,0.025992700830101967,0.8288955688476562,0.017034774646162987,0.005071031395345926,0.11485368013381958,-107.47206115722656,134.57571411132812,0.002043311018496752
>5K28_1_Chains A _Mitogen-activated protein kinase kinase kinase 11_Homo sapiens _9606_,S,60,0.528340220451355,81.89273416996002,E,0.0019683758728206158,0.8937740325927734,0.10425767302513123,E,0.0005322584765963256,0.0008018916705623269,0.00011008869478246197,0.009168058633804321,0.8863524794578552,0.01101668830960989,0.0013360892189666629,0.09068243205547333,-120.98198699951172,143.88055419921875,0.008346309885382652
>5K28_1_Chains A _Mitogen-activated protein kinase kinase kinase 11_Homo sapiens _9606_,R,61,0.5797602534294128,158.85430943965912,E,0.0026958149392157793,0.702174186706543,0.29513001441955566,E,0.002148550236597657,0.0008547606412321329,0.00011076788359787315,0.01765267737209797,0.7244681119918823,0.028443757444620132,0.017744891345500946,0.2085765302181244,-77.2558364868164,130.84422302246094,0.020634489133954048
>5K28_1_Chains A _Mitogen-activated protein kinase kinase kinase 11_Homo sapiens _9606_,G,62,0.5324567556381226,55.375502586364746,C,0.00817102286964655,0.15570217370986938,0.8361268043518066,C,0.0068073272705078125,0.0026234048418700695,0.0005064131692051888,0.012910906225442886,0.15094006061553955,0.09222539514303207,0.055855222046375275,0.6781312227249146,-137.32098388671875,160.15635681152344,0.08965630829334259
>5K28_1_Chains A _Mitogen-activated protein kinase kinase kinase 11_Homo sapiens _9606_,G,63,0.709265410900116,73.76360273361206,C,0.0051542953588068485,0.04730292037129402,0.9475428462028503,C,0.003576593939214945,0.0017577073303982615,0.00010558932990534231,0.004404835402965546,0.048942673951387405,0.04744582623243332,0.03285388648509979,0.8609129190444946,-100.96180725097656,122.99908447265625,0.2807866036891937
>5K28_1_Chains A _Mitogen-activated protein kinase kinase kinase 11_Homo sapiens _9606_,G,64,0.8362386226654053,86.96881675720215,C,0.0015764163108542562,0.003715500934049487,0.9947080612182617,C,0.0009200599743053317,0.0006757029914297163,1.9541244910215028e-05,0.0005486122681759298,0.004204762168228626,0.04405036196112633,0.01865195482969284,0.9309290051460266,-97.25926971435547,104.10185241699219,0.432118684053421
