,residue,q8(g),q8(h),q8(i),q8(b),q8(e),q8(s),q8(t),q8(c),q3(h),q3(e),q3(c),disorder(p_f),disorder(p_t),rsa,phi,psi,q8,q3
0,M,8.0687125e-05,7.157767e-05,2.8963645e-06,0.00011234683,0.00019639789,0.0006240735,0.0007147709,0.99819726,0.00020465539,0.0004651259,0.9993303,0.0055014915,0.99449855,0.82381165,-85.82746,116.03786,G,C
1,N,0.00012283897,0.000100870784,7.6817304e-07,4.2189506e-05,8.061862e-05,0.00047009476,0.0006278849,0.99855477,0.00027403515,0.00017291804,0.999553,0.0053895013,0.99461055,0.56242394,-90.033554,64.06514,E,C
2,F,0.0001405035,0.00012639943,7.5949777e-07,4.13955e-05,0.00010972456,0.0005725421,0.0008016879,0.998207,0.0002867047,0.0002006429,0.9995127,0.0068133823,0.9931866,0.6586731,-88.64481,64.41732,I,C
3,S,0.00038381433,0.00032354254,2.0889495e-06,0.0001069788,0.0002166074,0.0009122939,0.0012001487,0.9968546,0.0007274641,0.00039287558,0.9988796,0.0072507993,0.9927492,0.4850835,-86.741776,37.184322,I,C
4,L,0.00023319258,0.0002114249,1.6331494e-06,0.00011095534,0.00024974142,0.0006233568,0.00072020735,0.99784946,0.0004378434,0.0004715287,0.9990907,0.0045068264,0.9954932,0.51028883,-88.65257,84.32493,I,C
5,L,0.000207291,0.00019962965,1.8198497e-06,9.9139324e-05,0.00021740096,0.000515308,0.00062380434,0.99813557,0.00039918293,0.00042055864,0.99918026,0.0035495327,0.9964504,0.503766,-90.002304,78.82778,B,C
6,T,0.0002810446,0.00033098317,4.2680513e-06,0.00024768035,0.00040720846,0.00075122755,0.00063860737,0.99733895,0.0006103035,0.0007983296,0.99859136,0.0038734477,0.9961266,0.3619636,-90.17191,87.24889,I,C
7,L,0.0001427061,0.00019190501,2.301874e-06,0.00015411898,0.00033002743,0.00044709296,0.0003376995,0.9983941,0.00035252498,0.0006704883,0.99897707,0.0027667785,0.9972332,0.353051,-91.50489,107.75344,I,C
8,V,0.00011362626,0.00017369281,1.9379436e-06,0.00014880938,0.00031548162,0.00033656973,0.00028235183,0.99862754,0.00034072826,0.0006655395,0.9989937,0.002610962,0.997389,0.34306076,-91.766785,110.975494,I,C
9,L,0.00011983289,0.0001447364,1.9654249e-06,0.00011676306,0.00025468157,0.00031943977,0.0003036962,0.99873894,0.00029717232,0.0005491133,0.99915373,0.0019113963,0.99808854,0.39956948,-92.30189,99.46798,I,C
10,T,0.0001936634,0.0002575417,3.810977e-06,0.00021575578,0.000408818,0.00049047614,0.00039269627,0.9980373,0.0005045882,0.0008666169,0.99862885,0.0023355114,0.99766445,0.34553576,-92.667,94.65128,I,C
11,I,0.00013332932,0.00022401338,3.4987206e-06,0.00021450451,0.0005026266,0.00045964104,0.00030505707,0.9981573,0.0004371135,0.0010728249,0.9984901,0.0027447594,0.99725527,0.38005313,-94.763,110.4493,I,C
12,L,9.88884e-05,0.00014013893,2.6394569e-06,0.0001625606,0.00038720918,0.00038942002,0.00024963508,0.9985695,0.00029151345,0.0008700254,0.9988385,0.0020287633,0.99797124,0.38792443,-94.523125,111.54485,G,C
13,L,8.052124e-05,0.00013047036,2.3612988e-06,0.00015474984,0.00040215458,0.0003650531,0.0002389778,0.99862576,0.00027323593,0.0009405053,0.9987863,0.00245372,0.99754626,0.41914845,-96.65333,113.401375,G,C
14,V,0.0001004903,0.00021302444,3.8372527e-06,0.00022645084,0.00058675994,0.0004220129,0.0002912307,0.99815613,0.00045030226,0.0014136073,0.99813604,0.0038547923,0.99614525,0.43517128,-97.98026,119.32826,I,C
15,L,0.00011408852,0.0002019653,4.104299e-06,0.0002637568,0.00068700785,0.0005366788,0.00027200687,0.99792045,0.00046978466,0.0017283822,0.99780184,0.0051217265,0.9948783,0.40354684,-96.73187,134.86058,I,C
16,C,0.0002153089,0.00040345095,4.8659576e-06,0.00022505874,0.00062790187,0.0006636463,0.00053715025,0.9973226,0.00090442284,0.0014180215,0.9976776,0.007955986,0.992044,0.55714136,-96.15204,134.50891,I,C
17,T,0.00072314084,0.0014291465,2.4899335e-05,0.00060014555,0.0016023787,0.0016832589,0.0013855766,0.99255145,0.0029232427,0.0034475569,0.99362916,0.014967333,0.9850327,0.53130156,-93.20927,133.54265,I,C
18,T,0.0009495008,0.0023141217,2.3776227e-05,0.00050100643,0.00121834,0.002029858,0.0016027511,0.9913606,0.0048152795,0.0026004044,0.99258435,0.022737838,0.97726214,0.35101312,-93.63487,119.367905,I,C
19,S,0.0009434248,0.0032415604,1.7381311e-05,0.0002898422,0.00082316564,0.0025340347,0.0020411098,0.99010956,0.006318783,0.0016559963,0.99202526,0.030766124,0.96923393,0.5677625,-91.500565,42.977367,I,C
20,N,0.0037090909,0.011266761,3.3401e-05,0.0002647752,0.000738497,0.003793269,0.0062927697,0.9739014,0.019896934,0.0012599101,0.9788432,0.061160255,0.93883973,0.46078512,-77.18487,-19.045286,I,C
21,A,0.006940247,0.024417657,0.00010033855,0.0011444535,0.0022493156,0.0076919147,0.010324585,0.94713145,0.040626053,0.0042046667,0.95516926,0.1124531,0.8875469,0.6081109,-83.39623,2.0762022,C,C
22,Q,0.022963887,0.091488175,0.00045938246,0.002292555,0.005762999,0.01846986,0.019515706,0.83904743,0.12993926,0.009086034,0.8609748,0.22926278,0.7707372,0.36768505,-76.67837,-22.226892,C,C
23,F,0.016412904,0.10505343,0.00017491663,0.00090173294,0.003087209,0.011503724,0.016285172,0.8465809,0.14600974,0.004588156,0.8494021,0.24242133,0.7575787,0.55582464,-73.33471,-31.196016,C,C
24,D,0.01954824,0.15869766,0.00018328772,0.0005762253,0.00296846,0.0110759875,0.021943333,0.7850068,0.20323557,0.0035717303,0.79319274,0.2679956,0.7320044,0.55597216,-70.330666,-33.338165,C,C
25,Q,0.014006345,0.17633043,0.00017562596,0.0004926585,0.002553114,0.009042822,0.01682721,0.7805718,0.21242966,0.003208618,0.7843618,0.28570667,0.7142933,0.3891279,-70.70191,-33.857674,C,C
26,F,0.010881206,0.20346478,0.00021368584,0.00046484225,0.0023357482,0.0073469584,0.013485677,0.7618071,0.23705265,0.0031835735,0.7597638,0.29163837,0.7083616,0.4215399,-69.61277,-35.97131,C,C
27,R,0.010253432,0.22646219,0.00016854495,0.00035244273,0.0018333003,0.0061150673,0.012705951,0.74210906,0.26454234,0.0024544653,0.7330032,0.3124576,0.68754244,0.42544854,-67.298805,-37.424187,C,C
28,A,0.011073872,0.22185312,0.00024115629,0.0005261825,0.0025955332,0.0073492704,0.016657185,0.73970366,0.2631649,0.003436363,0.7333988,0.30788058,0.69211936,0.5255312,-70.48128,-35.984287,C,C
29,R,0.011748203,0.24911618,0.00029591407,0.00058680883,0.0030026708,0.007634764,0.016829439,0.71078604,0.26564574,0.0040442687,0.73031,0.32568043,0.67431957,0.37719157,-71.03015,-35.268696,C,C
30,E,0.014385015,0.28020105,0.0003737047,0.0008725556,0.0035487271,0.009056773,0.019906422,0.6716557,0.2992029,0.0048568957,0.6959402,0.37429813,0.6257019,0.31282407,-69.80393,-34.939377,C,C
31,L,0.018735645,0.26345873,0.00036123546,0.0008857366,0.0036409383,0.011812582,0.0327739,0.66833127,0.27975985,0.004481262,0.7157589,0.38561776,0.61438227,0.54091924,-71.118164,-32.658165,C,C
32,A,0.02533116,0.22973324,0.0005096615,0.0015343189,0.0048531797,0.017100845,0.048511803,0.6724258,0.24222013,0.0060421224,0.7517378,0.38647866,0.6135214,0.5172618,-77.51071,-25.156733,C,C
33,S,0.026413197,0.16285716,0.0005314102,0.0026861087,0.0054137763,0.038668588,0.07353221,0.68989754,0.16424705,0.0070825936,0.8286704,0.4270704,0.5729297,0.33892557,-84.320656,-13.77606,C,C
34,V,0.017222585,0.059479017,0.000463401,0.0019477081,0.0035191565,0.052594204,0.104957536,0.7598164,0.06938303,0.0041750204,0.92644197,0.3994007,0.6005993,0.5179182,-17.143967,-16.252106,C,C
35,G,0.024598485,0.04628281,0.0008205256,0.003618216,0.0058891475,0.10378395,0.07931245,0.73569435,0.07112848,0.008116917,0.92075455,0.46029678,0.53970325,0.5119188,-35.338642,-68.931816,C,C
36,G,0.01120654,0.037687305,0.00014934693,0.0044228137,0.0059427815,0.057695966,0.020046944,0.86284834,0.060088113,0.011996097,0.92791575,0.50121,0.49879006,0.5417045,-90.09568,103.60972,C,C
37,N,0.062476605,0.26035824,0.000385126,0.0022000782,0.0053692088,0.04331174,0.055214968,0.57068413,0.3284351,0.0072104675,0.66435444,0.53915024,0.46084973,0.3644659,-72.42905,-27.1437,C,C
38,T,0.059363365,0.36082566,0.0004375087,0.00166798,0.0056809867,0.033591207,0.056042638,0.48239067,0.44313625,0.0063796127,0.5504841,0.58019406,0.419806,0.54328656,-70.30663,-32.275345,C,C
39,S,0.09146538,0.4275174,0.0007301635,0.0018683549,0.0055910856,0.02865669,0.055568643,0.38860238,0.5397841,0.0062041963,0.45401174,0.66581714,0.3341829,0.3577712,-71.86011,-31.8655,H,H
40,L,0.06800448,0.48745197,0.0010359484,0.0025687597,0.0061984914,0.029134018,0.06580467,0.33980167,0.5249266,0.008133014,0.46694043,0.6683254,0.3316746,0.23556301,-73.94939,-29.214466,H,H
41,L,0.05512436,0.33926508,0.00058414135,0.0027582138,0.0050783884,0.038748085,0.1002221,0.45821962,0.35772848,0.0067917597,0.6354797,0.6858918,0.3141082,0.32821274,-74.45935,-19.673754,C,C
42,M,0.033615913,0.21735997,0.00040930512,0.0013516553,0.0032632328,0.07061311,0.16347405,0.5099127,0.19914575,0.0039713588,0.7968829,0.65536225,0.3446377,0.7165644,-85.289406,-7.803654,C,C
43,N,0.00850559,0.109140486,0.00016025225,0.0019994152,0.002288117,0.16715698,0.017539036,0.6932101,0.10646936,0.0044457843,0.8890849,0.7214774,0.27852264,0.37605447,-86.428604,154.65652,C,C
44,S,0.017072266,0.75666136,0.00012759987,0.00017142214,0.00056480366,0.025178375,0.029730814,0.17049338,0.69078803,0.0008570051,0.30835494,0.76977897,0.23022105,0.58284247,-63.121525,-37.43479,H,H
45,A,0.018666284,0.68015325,0.00018657261,0.0003478061,0.001270442,0.014263562,0.029836414,0.25527564,0.65867645,0.0015804366,0.3397431,0.7571639,0.24283612,0.49835345,-67.16542,-37.00887,H,H
46,A,0.01586163,0.6524576,0.00041727404,0.00062123063,0.0018044806,0.016206667,0.026043622,0.2865876,0.6429344,0.0024066,0.354659,0.7656189,0.23438106,0.27564588,-69.93098,-35.175632,H,H
47,N,0.007243079,0.7668701,0.0004720257,0.000328478,0.0011534232,0.007923296,0.014325826,0.20168382,0.75216067,0.0016272075,0.2462121,0.8019065,0.19809341,0.3916302,-64.14796,-40.18709,H,H
48,R,0.005181497,0.8225216,0.0005624341,0.00020492866,0.001102362,0.005141831,0.013125244,0.15216002,0.8093159,0.0012973021,0.18938676,0.8575948,0.1424052,0.6071133,-65.57852,-40.565323,H,H
49,R,0.0052951947,0.8393543,0.0006474754,0.0002574621,0.0010679152,0.0046390314,0.014435933,0.13430278,0.8186203,0.0014310878,0.17994852,0.8817824,0.11821758,0.42268303,-66.88269,-40.34483,H,H
50,R,0.0032882472,0.8949041,0.00063924835,0.00021472502,0.0006452843,0.0036735337,0.009527363,0.08710754,0.86456287,0.001094512,0.13434254,0.90138334,0.09861667,0.10036151,-64.26951,-40.68868,H,H
51,F,0.002881005,0.906661,0.00077753834,0.00017456623,0.00057188794,0.0024749173,0.007636973,0.07882208,0.902237,0.0008721531,0.09689088,0.91207945,0.0879206,0.40002486,-63.35396,-40.3191,H,H
52,N,0.0026656636,0.9083336,0.00083512865,0.00014707378,0.00081456546,0.002649107,0.009651095,0.0749037,0.8932355,0.0010571794,0.105707355,0.9239826,0.07601744,0.5171963,-66.96358,-40.638752,H,H
53,R,0.0019292779,0.94183683,0.00086935575,0.000110681656,0.00036508666,0.0020887125,0.0073449514,0.045455106,0.92135346,0.000622468,0.078024074,0.9331416,0.06685837,0.13707513,-64.56914,-42.067787,H,H
54,A,0.0018927697,0.9478121,0.0009766453,0.00019041116,0.00051607186,0.0019510442,0.006475708,0.0401853,0.9351666,0.0009007799,0.06393269,0.9342074,0.065792605,0.098645814,-64.4134,-40.690296,H,H
55,V,0.0027908317,0.9320543,0.0014412209,0.00019290521,0.0008967928,0.0019235292,0.00827605,0.05242438,0.93344986,0.0010753818,0.06547468,0.94296974,0.057030227,0.4248514,-64.95608,-39.696278,H,H
56,L,0.003595874,0.92587215,0.0018415297,0.00018692466,0.0009447353,0.0024328139,0.013830501,0.051295437,0.9199024,0.0011106245,0.07898697,0.9421951,0.057804897,0.47190532,-68.01358,-39.988316,H,H
57,R,0.0030467312,0.92865795,0.0017407339,0.00017515027,0.000405144,0.0029482234,0.014535418,0.048490707,0.90842545,0.000646357,0.09092813,0.94422626,0.055773698,0.106652744,-65.36778,-39.380917,H,H
58,L,0.0042116772,0.900684,0.003351167,0.00035423168,0.0006285829,0.004961116,0.024201,0.061608303,0.8812659,0.0010407007,0.11769342,0.9377961,0.06220382,0.39424062,-66.058914,-38.12135,H,H
59,R,0.0066742264,0.8340063,0.003389269,0.00020672742,0.000727852,0.010346762,0.060508437,0.08414048,0.77021056,0.0009173981,0.228872,0.93863654,0.061363485,0.67710954,-71.05855,-35.804802,H,H
60,R,0.011752927,0.7372452,0.0063096797,0.00044937513,0.00081702747,0.019789293,0.101699024,0.1219375,0.6816172,0.0012196783,0.31716323,0.9264681,0.07353189,0.5185916,-75.290955,-31.837172,H,H
61,R,0.023746604,0.64474416,0.005120777,0.0010468405,0.0012508641,0.031936407,0.12095794,0.17119643,0.6407622,0.0019228255,0.35731488,0.93840075,0.061599307,0.21552247,-72.55133,-29.095102,H,H
62,F,0.06288178,0.43483332,0.0029092827,0.0016394067,0.0017074686,0.06486778,0.21655697,0.21460387,0.49964607,0.0023534605,0.4980005,0.92911625,0.07088376,0.5175472,-72.1461,-26.481995,H,H
63,A,0.06646248,0.29743722,0.0017627303,0.001858442,0.002838546,0.08801639,0.3417657,0.19985852,0.3654713,0.0039146827,0.63061404,0.9482354,0.051764585,0.64119256,-86.39906,-11.244824,T,C
64,T,0.021121232,0.054617032,0.000561859,0.0054939995,0.0054828376,0.3300482,0.08557632,0.4970985,0.091156095,0.0086171,0.90022683,0.9723246,0.027675442,0.19291896,-86.94719,131.22565,C,C
65,C,0.0026351884,0.0037125081,6.256027e-05,0.0049693417,0.010829856,0.16937768,0.031403456,0.77700937,0.008527308,0.014913389,0.9765593,0.9712297,0.02877028,0.58418345,-83.28046,117.96257,I,C
66,R,0.00030782956,0.00059665553,8.111868e-06,0.0039599445,0.083070464,0.09269648,0.00581959,0.81354094,0.0015297999,0.089371525,0.9090987,0.9963278,0.0036721216,0.07509484,-82.52774,149.45615,I,C
67,P,0.00010307914,0.0001461783,4.5861407e-06,0.0059125056,0.91890144,0.0076085543,0.00060844637,0.06671527,0.00052748946,0.9194454,0.080027066,0.9976755,0.0023244768,0.07177046,-103.20801,135.3725,I,E
68,N,7.5444436e-06,3.104955e-05,6.491513e-07,0.00034133554,0.9979836,9.747936e-05,1.9048592e-05,0.0015193237,8.814577e-05,0.9978933,0.0020185476,0.9994708,0.0005292835,0.0038497036,-115.25764,131.64204,S,H
69,V,4.3108125e-06,2.8319178e-05,5.845216e-07,8.883741e-05,0.99929285,4.5700806e-05,8.009256e-06,0.0005312526,6.952824e-05,0.9991761,0.000754314,0.9991598,0.000840237,0.0037472162,-112.62146,131.49857,B,H
70,C,1.6472994e-06,1.5950902e-05,1.9123127e-07,3.25029e-05,0.9995285,1.9174151e-05,2.5433947e-06,0.0003995598,3.792927e-05,0.99945956,0.0005025593,0.9995745,0.0004254644,0.0049454183,-109.623245,128.09053,B,H
71,I,4.153092e-06,2.9745801e-05,4.4031975e-07,3.8906994e-05,0.9986833,6.8086025e-05,7.802562e-06,0.001167516,8.4000305e-05,0.99822503,0.0016909372,0.9996873,0.0003126948,0.0045710993,-111.21004,130.47395,T,H
72,A,4.337972e-06,1.8691693e-05,5.968094e-07,0.00018091085,0.99743205,0.00013663944,1.1934606e-05,0.002214938,5.271965e-05,0.99708956,0.002857701,0.99961346,0.00038652137,0.008894936,-114.68355,131.3123,I,H
73,M,5.0744013e-05,6.698804e-05,5.3404133e-06,0.002228682,0.9582079,0.002483066,0.00026454797,0.03669278,0.00022229763,0.9580418,0.041736003,0.9986889,0.0013110832,0.03152085,-102.39795,134.68689,H,E
74,D,0.004030997,0.002177277,0.00011456802,0.006189341,0.19418234,0.13174939,0.030664973,0.6308912,0.006337261,0.18239474,0.81126803,0.9967584,0.0032416254,0.045789067,-106.71477,15.356425,C,C
75,G,0.026896108,0.011614926,0.0008226523,0.060837165,0.044621494,0.19261888,0.04148575,0.621103,0.043365438,0.080675736,0.8759588,0.9936545,0.0063455207,0.037670426,-95.13459,157.669,C,C
76,S,0.2431433,0.046915587,0.0010382825,0.0019984222,0.0015698171,0.23222828,0.37832287,0.09478338,0.24340183,0.0035835179,0.7530146,0.98047936,0.019520598,0.47773597,-68.949776,-24.195786,T,C
77,A,0.199,0.045015648,0.0009355696,0.0035473846,0.0015099982,0.21078295,0.40981823,0.12939017,0.19775581,0.004223594,0.7980206,0.9889142,0.011085795,0.41224068,-82.87537,-6.5579042,T,C
78,S,0.010984992,0.009008214,0.00019211107,0.017174171,0.0027753336,0.43140912,0.012754761,0.5157013,0.03409387,0.010090511,0.9558157,0.99423283,0.005767124,0.048845712,-86.84233,133.83572,C,C
79,I,0.00041211594,0.0064856154,1.2847514e-05,0.0036603073,0.0015469426,0.035581402,0.002342227,0.94995856,0.010289414,0.004033883,0.98567677,0.9936738,0.006326224,0.3743917,-70.31478,161.72511,I,C
80,S,0.0069172005,0.9705062,0.00024892387,2.1523476e-05,6.628243e-05,0.006805804,0.008158946,0.007275184,0.9704188,0.00013455543,0.029446611,0.99249685,0.0075032203,0.68348044,-59.05508,-40.303684,E,H
81,E,0.0061789914,0.97709185,0.00032180944,3.124069e-05,0.00013313652,0.0018820722,0.0065792496,0.0077816905,0.98135436,0.00016943963,0.018476248,0.99476963,0.0052303923,0.6773087,-64.98563,-40.95124,B,H
82,R,0.006459024,0.97822523,0.0011129215,6.853186e-05,0.00017223717,0.0011998736,0.005128851,0.007633247,0.9872996,0.0002013146,0.012499092,0.9968816,0.0031183776,0.13315928,-68.24831,-40.016586,B,H
83,E,0.0015088894,0.99192023,0.0019878116,3.5114525e-05,8.473475e-05,0.00038954627,0.0017556259,0.0023180153,0.99515474,0.00014435349,0.004700919,0.9984968,0.0015031748,0.057955902,-64.83777,-41.45167,E,H
84,Y,0.0009541927,0.99028313,0.0034786612,3.3543343e-05,0.00016632491,0.00030747495,0.002207913,0.0025687898,0.99414045,0.00025434874,0.0056052413,0.9980767,0.0019232716,0.41880512,-64.85915,-40.844116,B,H
85,E,0.00080158055,0.984837,0.008206971,3.912355e-05,0.00016875983,0.00046900983,0.0031257516,0.0023519173,0.99274725,0.0002758733,0.006976883,0.9973277,0.0026723412,0.17906114,-66.64814,-42.44727,B,H
86,L,0.00072380627,0.98796403,0.006250493,3.212344e-05,0.00011430881,0.00045953374,0.0026709838,0.0017845532,0.9945115,0.00018369971,0.0053048274,0.99872786,0.0012721221,0.02317636,-64.878235,-42.21735,B,H
87,Q,0.0007473342,0.99243367,0.0032868176,2.5519857e-05,9.3986455e-05,0.00024474558,0.0017758618,0.0013919466,0.995871,0.00016455236,0.003964479,0.99938715,0.00061286875,0.08253499,-64.978386,-40.56066,E,H
88,K,0.0007054679,0.9909458,0.0046828543,1.6430706e-05,0.00011786393,0.00021627326,0.0021797032,0.0011354988,0.99542266,0.00020022284,0.00437711,0.9991198,0.00088023674,0.31242314,-66.4849,-40.17311,B,H
89,E,0.0007529443,0.98900163,0.006242488,1.5255085e-05,9.241799e-05,0.00029068094,0.0025317848,0.001072922,0.9955428,0.00014876241,0.0043084254,0.99954814,0.00045178816,0.019629495,-65.71539,-43.09458,E,H
90,F,0.0007652743,0.9943488,0.0024914278,1.3446976e-05,7.4956806e-05,0.00017230128,0.0014599639,0.0006738316,0.99748933,0.0001322659,0.0023784656,0.99969983,0.0003002483,0.008090986,-64.810425,-40.15266,E,H
91,A,0.0005981578,0.9959539,0.0014134732,9.686891e-06,0.000105554456,0.00010869759,0.0010284453,0.00078203325,0.99739766,0.00015472766,0.0024476382,0.99953294,0.0004671408,0.14681844,-66.02665,-40.903656,B,H
92,T,0.00058291125,0.9935197,0.003860626,1.12659945e-05,0.00010454761,0.000112829235,0.0011912462,0.0006167095,0.9974445,0.00015681426,0.0023986609,0.99935097,0.0006490023,0.15632693,-65.78995,-42.123264,B,H
93,L,0.0008085646,0.98905283,0.0060675726,2.6511963e-05,0.00018808253,0.00030070782,0.0024481392,0.0011076331,0.99570614,0.00026372253,0.0040300796,0.9994547,0.00054535514,0.007951727,-64.97753,-42.72928,B,H
94,V,0.0018694941,0.9827947,0.007662375,6.240842e-05,0.0002403324,0.00053320156,0.0045253565,0.0023121592,0.99154097,0.00036217176,0.008096936,0.998844,0.0011559118,0.048141632,-64.27756,-39.401566,B,H
95,L,0.0052624056,0.95721227,0.011210995,9.364501e-05,0.00073201524,0.0014660717,0.018131025,0.0058915527,0.9674751,0.0008619771,0.031662863,0.9989507,0.0010491986,0.28977844,-69.01864,-35.638634,B,H
96,A,0.009605639,0.87556475,0.019843407,0.00034437136,0.0009816152,0.00543184,0.07645691,0.011771504,0.90026665,0.0016580962,0.09807528,0.9980059,0.0019941204,0.149406,-76.41148,-34.05109,H,H
97,V,0.021775212,0.65798044,0.027210169,0.002076691,0.0024571859,0.037981506,0.20632385,0.044194866,0.7114131,0.0054375883,0.28314936,0.9971834,0.002816609,0.03933354,-88.76836,-14.680551,H,H
98,V,0.090105966,0.23372419,0.0085867075,0.0041985866,0.0026931628,0.051231213,0.49141255,0.118047655,0.39234918,0.00514965,0.60250115,0.99064493,0.009355001,0.32770088,-42.436836,-23.00867,T,C
99,G,0.15173711,0.1132288,0.0050652744,0.002661185,0.0034856424,0.081812814,0.48711666,0.15489247,0.28221497,0.0055418764,0.71224314,0.9793448,0.020655207,0.5260905,49.12827,-4.1742144,T,C
100,G,0.15919365,0.098789446,0.001084077,0.009873915,0.01054611,0.14950919,0.15250471,0.4184988,0.23917706,0.016072355,0.7447506,0.9887778,0.0112222,0.11671937,-86.0121,29.107683,C,C
101,L,0.050258607,0.023713509,0.00017283489,0.0076195886,0.0054399855,0.039211396,0.7532481,0.12033596,0.06531895,0.012499739,0.92218125,0.9711883,0.028811734,0.7051437,-63.03216,129.11903,T,C
102,Q,0.021174464,0.0069672083,0.00032922786,0.0006426535,0.004993382,0.100367785,0.7883134,0.07721189,0.032888558,0.008267204,0.95884424,0.97508633,0.02491372,0.55619323,89.40079,0.13809095,T,C
103,G,0.0028912716,0.0028123683,6.334951e-05,0.010770372,0.22245292,0.096963726,0.011333537,0.65271246,0.008634766,0.23082611,0.7605391,0.9939745,0.0060254894,0.065326154,-93.40466,149.56435,I,C
104,S,0.0008079495,0.00092818943,4.2487805e-05,0.013175799,0.79340446,0.02054734,0.0019872752,0.16910657,0.0027876266,0.8198383,0.17737408,0.99398154,0.0060184966,0.24987394,-115.48727,138.76936,I,E
105,K,5.7961806e-05,0.00027038457,9.733478e-06,0.0014550572,0.97733593,0.0020196922,0.00024627225,0.018604951,0.0004750052,0.97278374,0.026741229,0.9986883,0.0013117609,0.0084536215,-130.45964,146.12462,I,E
106,F,1.7606422e-05,5.279411e-05,4.583921e-06,0.00031578078,0.9915479,0.00060524273,5.3605912e-05,0.0074025597,0.00015750283,0.9902622,0.009580313,0.99860686,0.0013931885,0.011066997,-124.884674,145.37007,T,E
107,A,7.070012e-06,4.0175197e-05,1.156059e-06,0.0001424166,0.99840987,8.299453e-05,1.3167808e-05,0.0013031651,8.914731e-05,0.99815696,0.0017538986,0.9993636,0.0006364053,0.0080483025,-115.53525,130.24333,S,H
108,V,7.277242e-06,5.5548735e-05,1.7594508e-06,0.00011460447,0.9985252,9.288621e-05,1.4897836e-05,0.0011880072,0.00011051607,0.9982963,0.0015931847,0.9996018,0.00039824235,0.00888018,-114.399574,130.99951,S,E
109,V,5.8304195e-06,2.7095888e-05,9.945417e-07,0.00017422669,0.9975787,9.8411045e-05,1.3943924e-05,0.0021008106,6.9716865e-05,0.9974546,0.0024756836,0.99945074,0.0005492284,0.03326759,-111.92841,130.62819,I,H
110,E,3.6609083e-05,0.0001038491,1.0546663e-05,0.0019850954,0.9830587,0.0010898956,9.492332e-05,0.013620409,0.0002439672,0.98427296,0.015483058,0.99941003,0.00059003243,0.019627335,-119.977516,137.97089,T,E
111,Y,0.00032275208,0.00011462323,5.4904333e-05,0.005187093,0.5299238,0.08302807,0.005745045,0.37562373,0.00054062577,0.4897565,0.5097029,0.99872345,0.0012765093,0.033247326,-131.00806,176.96407,I,C
112,G,0.005414574,0.0004894992,0.00021718227,0.0018226968,0.014506328,0.82581496,0.07651844,0.075216375,0.008296716,0.03939219,0.95231104,0.9954827,0.0045173666,0.21455838,-106.87479,-52.892574,S,C
113,G,0.016273614,0.0037043635,0.00029668002,0.007212681,0.04635845,0.5750923,0.12705745,0.22400434,0.02138363,0.06940943,0.909207,0.99423224,0.0057676816,0.4881499,-105.1336,93.446686,S,C
114,I,0.009693726,0.005318965,0.000380343,0.03144375,0.27003548,0.16880631,0.03046879,0.48385268,0.017248422,0.31390247,0.6688491,0.99136496,0.008635038,0.19038999,-99.55516,131.09671,C,C
115,V,0.0017939494,0.0017101994,9.732315e-05,0.019922081,0.5394487,0.059063833,0.005015262,0.3729487,0.0055671725,0.55232376,0.4421091,0.9936904,0.0063096,0.5064735,-117.38067,128.82652,I,E
116,D,0.008494943,0.0069229933,0.00034869608,0.025871214,0.7287422,0.01472087,0.0104122525,0.20448695,0.020380601,0.7383942,0.24122518,0.9910913,0.00890862,0.40068525,-70.39883,132.30583,E,E
117,P,0.016877579,0.009210202,0.00041580215,0.03733432,0.59285355,0.041060574,0.01460523,0.2876428,0.03285284,0.6459848,0.32116234,0.99114734,0.008852704,0.28549406,-95.88506,118.49211,E,E
118,I,0.026251994,0.027352573,0.0018061884,0.045138944,0.40816456,0.13947563,0.07092349,0.2808866,0.062228546,0.48014048,0.45763105,0.98574764,0.014252373,0.36041132,-111.59868,113.818214,E,E
119,L,0.005873419,0.0016705065,0.00026894006,0.0095182825,0.115102865,0.2652304,0.0931324,0.50920326,0.0071338066,0.11062012,0.882246,0.98819274,0.011807295,0.4485878,75.57789,117.59088,C,C
120,G,0.0027899418,0.0011794749,4.858432e-05,0.042699255,0.15594728,0.10138675,0.01765611,0.6782925,0.0048421337,0.206374,0.78878385,0.9921669,0.007833143,0.10014093,-90.6142,137.12744,I,C
121,L,0.0024329838,0.0017811381,0.00011615056,0.06938788,0.25752127,0.17279805,0.008324467,0.4876381,0.005987135,0.3324469,0.66156596,0.9881216,0.011878368,0.4852289,-109.25775,148.79485,C,C
122,Q,0.0042477045,0.0027151392,9.419909e-05,0.06932574,0.14608327,0.06708834,0.021421384,0.6890242,0.009034024,0.22452588,0.7664401,0.9873947,0.012605344,0.46077815,-62.498127,142.71591,I,C
123,P,0.0029684904,0.0022873923,5.1005798e-05,0.032500636,0.032312978,0.07536052,0.010367829,0.8441512,0.009799062,0.0660578,0.92414314,0.9876857,0.012314345,0.13012724,-90.61964,147.34694,I,C
124,A,0.0017463719,0.008481353,7.074729e-05,0.01444145,0.019225573,0.14674504,0.007924817,0.8013646,0.016185215,0.034228258,0.9495866,0.9804803,0.01951972,0.39346257,-107.098915,161.60439,I,C
125,S,0.025514286,0.86399084,0.0007888444,0.00038359236,0.0011523382,0.02680947,0.030216474,0.051144186,0.86918557,0.0017368399,0.12907767,0.9780822,0.021917854,0.41560608,-63.225376,-39.132946,H,H
126,T,0.017407738,0.92512214,0.00043426183,0.00010702189,0.0009974928,0.0074273497,0.020042183,0.028461782,0.9320055,0.00096899923,0.06702547,0.9878824,0.012117612,0.80710006,-66.83353,-39.71469,H,H
127,D,0.016598696,0.9354789,0.0010881575,0.00038403124,0.0011204457,0.0038093205,0.013770064,0.027750187,0.9459021,0.0014866489,0.052611202,0.9878554,0.012144601,0.32289672,-66.515076,-40.691513,H,H
128,A,0.009694364,0.95975906,0.0022608337,0.00023544737,0.00048757874,0.0030076695,0.010684867,0.013870209,0.9674324,0.0007547571,0.031812884,0.992841,0.007158985,0.026777692,-64.104256,-41.42652,H,H
129,L,0.01035178,0.95881456,0.0044957423,0.00031772305,0.00071763684,0.0016352807,0.00947367,0.014193487,0.9704854,0.0011352015,0.028379412,0.9871,0.012899995,0.27445513,-60.819126,-41.221172,H,H
130,F,0.0121969525,0.94918066,0.004544621,0.000104229985,0.0010851923,0.0020095618,0.016705085,0.014173711,0.9619504,0.0010924359,0.036957216,0.99003464,0.009965395,0.70914954,-65.84452,-38.26229,H,H
131,D,0.017781598,0.91757977,0.009741904,0.0005211858,0.0013060865,0.003933254,0.027641451,0.021494884,0.9343374,0.0019140163,0.0637487,0.9889303,0.011069675,0.2382627,-68.86284,-39.45203,H,H
132,I,0.033886835,0.8332028,0.010484899,0.0015116424,0.0020616392,0.013535427,0.06707879,0.038238067,0.8740641,0.0035593312,0.12237652,0.9889881,0.011011952,0.044583064,-73.26038,-29.603333,H,H
133,L,0.063045904,0.566972,0.011350402,0.0042699547,0.0056293276,0.04502514,0.17649598,0.12721135,0.637223,0.009195002,0.35358202,0.9668523,0.033147693,0.407958,-71.53473,-25.761452,H,H
134,A,0.06361007,0.3075821,0.004858246,0.003041921,0.00901657,0.095932044,0.29745558,0.21850345,0.37160483,0.011329919,0.61706525,0.9554084,0.044591606,0.69803417,-82.52298,8.858754,H,C
135,D,0.08543442,0.2788305,0.006269614,0.0072888364,0.015493681,0.12166083,0.13171381,0.3533083,0.39459303,0.021558693,0.58384824,0.93846065,0.061539378,0.36681688,-80.72372,11.702485,C,C
136,E,0.09311657,0.17532739,0.0028803023,0.012649922,0.03380465,0.093107335,0.10012934,0.48898453,0.3029541,0.045307625,0.6517383,0.91454995,0.08545005,0.42081326,-82.44951,74.489685,C,C
137,S,0.11712026,0.12924664,0.0030490786,0.021209566,0.05672281,0.121882975,0.117263764,0.4335049,0.27518722,0.077428915,0.6473838,0.907773,0.09222693,0.5105678,-84.84469,40.688187,C,C
138,Q,0.06987197,0.09100702,0.0019868992,0.027657634,0.047272738,0.15299614,0.11248773,0.49671987,0.17319505,0.07075075,0.75605416,0.9261591,0.07384096,0.43762892,-91.4641,50.111664,C,C
139,E,0.042168435,0.05642386,0.0017352822,0.015708925,0.025546972,0.25921732,0.078848,0.5203512,0.11139258,0.038978368,0.8496291,0.9364178,0.06358217,0.2746733,-95.81966,143.15842,C,C
140,A,0.076158084,0.05922184,0.0017646974,0.012937321,0.019756747,0.23558831,0.22308072,0.37149227,0.14512563,0.031875767,0.8229986,0.95698214,0.04301783,0.39310053,-65.823906,53.256702,C,C
141,P,0.083484896,0.07722602,0.0037078704,0.055721827,0.0535282,0.14886838,0.16684197,0.4106208,0.18826719,0.09451442,0.7172184,0.9784846,0.021515453,0.1888796,-98.47545,95.024475,C,C
142,I,0.06572724,0.08995092,0.0047424873,0.039680354,0.035107248,0.22668085,0.16657206,0.37153882,0.17857452,0.06508149,0.75634396,0.98748404,0.012515916,0.1344759,-89.55215,26.21505,C,C
143,T,0.022920065,0.10375665,0.002236954,0.021259474,0.012959724,0.11392068,0.10947738,0.613469,0.13879555,0.025212156,0.83599234,0.995433,0.004567098,0.17254522,-94.328705,53.04375,C,C
144,F,0.019528616,0.93979305,0.0046567027,0.0002531034,0.00025178507,0.0038408863,0.021656917,0.010018968,0.96490455,0.00062043814,0.034475032,0.99899703,0.0010029662,0.013142788,-63.077072,-38.23579,H,H
145,V,0.010389068,0.9772424,0.0037383297,4.4659566e-05,6.9954076e-05,0.0006678761,0.00534106,0.0025067327,0.99041545,0.000117742,0.009466865,0.9994605,0.0005394362,0.05412479,-63.67474,-38.791557,E,H
146,G,0.007823542,0.98290724,0.0037361458,1.6255168e-05,2.6031832e-05,0.00043544674,0.003806018,0.0012493796,0.9941397,5.1263305e-05,0.005809091,0.9992817,0.0007182892,0.14732525,-67.68512,-37.441113,E,E
147,A,0.0016375388,0.9918058,0.0025529813,9.210549e-06,1.3815467e-05,0.00037640228,0.0026733514,0.00093079294,0.9950801,3.734904e-05,0.0048825094,0.99968004,0.00031994394,0.009992845,-66.15511,-40.99376,B,E
148,G,0.00049109786,0.99745864,0.00089144,4.8467746e-06,1.34659595e-05,6.98901e-05,0.00071827904,0.00035228283,0.9984119,3.794744e-05,0.0015501702,0.9998286,0.00017133464,0.01580293,-64.41245,-40.72648,S,E
149,I,0.0004714158,0.99620014,0.002162899,3.858313e-06,2.048733e-05,4.7076952e-05,0.0005905494,0.0005034978,0.99848586,3.6563917e-05,0.0014776823,0.99919266,0.0008073975,0.38622302,-65.06797,-41.295845,S,E
150,Q,0.00067017897,0.9891105,0.0075103096,1.0771228e-05,3.530793e-05,0.00013247339,0.0018379433,0.0006924151,0.9965654,7.3089745e-05,0.0033615066,0.99837935,0.0016205967,0.29725552,-67.38966,-41.395554,E,E
151,W,0.0011740562,0.982948,0.010319062,2.8250588e-05,6.182936e-05,0.00037782293,0.0034549811,0.0016359936,0.9942333,0.000103141334,0.005663568,0.9991755,0.0008245257,0.004988697,-65.40384,-42.15299,E,H
152,C,0.0028798168,0.96141815,0.025746118,0.00010433328,0.00013478803,0.00054277683,0.0068614176,0.0023125724,0.9900121,0.00031272203,0.009675148,0.9972926,0.0027073915,0.20073085,-66.35002,-38.619053,H,H
153,R,0.0050866497,0.9072895,0.04265609,8.52513e-05,0.00025106742,0.0022301488,0.03516781,0.0072337147,0.94085515,0.00041935046,0.058725536,0.9973181,0.0026819496,0.57929003,-72.54285,-33.439888,B,H
154,S,0.018022683,0.67778593,0.08922027,0.00043705237,0.00030003354,0.013873824,0.17691894,0.023441393,0.80303913,0.00073376903,0.19622707,0.9947349,0.005265126,0.3079996,-86.17681,-25.152239,H,H
155,Q,0.08618804,0.5163385,0.040281035,0.001054527,0.0003922361,0.06972144,0.19835165,0.08767255,0.68731886,0.00085758866,0.31182352,0.99638957,0.0036103497,0.033305053,-81.58411,-20.837795,H,H
156,F,0.24180536,0.22838,0.0028227782,0.0019417867,0.00066030753,0.053394485,0.32064182,0.15035342,0.47001982,0.0015043757,0.5284758,0.9932562,0.006743808,0.44946745,-69.59908,-17.686861,T,C
157,A,0.14817227,0.20119163,0.0024745031,0.004571891,0.0015761092,0.1325733,0.4081416,0.10129864,0.3777979,0.0043873885,0.6178147,0.98436964,0.015630364,0.44932845,-84.94527,-16.064005,T,C
158,L,0.005664606,0.0048782756,8.848351e-05,0.004416746,0.0024541644,0.41795063,0.016729878,0.54781723,0.015441032,0.0060658813,0.97849315,0.9870703,0.012929745,0.28436446,-101.674934,120.81555,I,C
159,M,0.056690466,0.0039803702,2.970888e-05,0.00027885355,0.00044269866,0.067696825,0.8148635,0.056017604,0.05150487,0.0013686444,0.94712645,0.9702566,0.029743398,0.7625164,-60.678505,-20.414715,I,C
160,P,0.05364456,0.007920396,0.00010308817,0.00066872174,0.00221761,0.087691955,0.7931531,0.054600492,0.07810698,0.00622404,0.91566896,0.96945167,0.030548338,0.6068297,-84.870316,-0.9343996,T,C
161,A,0.055048168,0.020242218,0.00045359659,0.01954334,0.11801911,0.25755715,0.0816204,0.44751602,0.078414984,0.15110885,0.77047616,0.9876903,0.01230967,0.09415061,-91.81695,136.07999,C,C
162,A,0.0034404565,0.003220145,0.00010467763,0.033028524,0.4767538,0.13604997,0.012558081,0.33484435,0.008573538,0.5235162,0.4679103,0.9934223,0.0065776585,0.2090484,-98.777756,128.09125,E,E
163,V,0.0008059655,0.0010897164,4.547113e-05,0.0045927833,0.7862487,0.051920023,0.0036469006,0.15165047,0.0031053838,0.7698245,0.22707014,0.9955058,0.0044941152,0.09649012,-108.095634,131.997,I,E
164,N,0.00014061246,0.00029815163,9.471281e-06,0.0015220401,0.9803161,0.0020048725,0.00022206797,0.015486613,0.0006733184,0.98027873,0.019047886,0.9982817,0.0017183095,0.08168786,-124.09888,137.26657,I,E
165,K,3.05414e-05,0.00018031502,2.4077071e-06,0.00022586997,0.99761546,0.00011082432,2.5873247e-05,0.0018085856,0.00035616907,0.99705976,0.0025840064,0.99905413,0.0009459111,0.0048388354,-111.66318,127.04751,G,E
166,I,8.371584e-06,4.1469844e-05,6.577511e-07,6.2636944e-05,0.99904937,4.387208e-05,6.45922e-06,0.00078726606,0.00011233033,0.99882287,0.0010647787,0.99937385,0.000626182,0.0065584993,-104.83332,123.36136,G,E
167,V,7.2189887e-06,2.5103036e-05,4.614725e-07,5.2200554e-05,0.9988524,5.0117214e-05,7.3913025e-06,0.0010050853,8.500992e-05,0.99848384,0.0014311835,0.9995353,0.0004647397,0.006279551,-102.17096,123.40714,T,H
168,L,1.0313734e-05,2.3928998e-05,8.5333227e-07,0.00019627289,0.9951912,0.00031962953,3.032514e-05,0.0042274287,8.317233e-05,0.99406886,0.0058479183,0.9996939,0.00030614296,0.0067149345,-110.93383,126.4451,I,H
169,L,7.650438e-05,7.198967e-05,1.9148636e-05,0.0031972502,0.90166557,0.019861896,0.00061126944,0.07449638,0.0002307947,0.9030393,0.096729964,0.99944717,0.0005528798,0.01472842,-136.60823,154.015,G,E
170,G,0.00028409177,0.00014062537,1.2263837e-05,0.0027869926,0.051601846,0.4525878,0.009197212,0.48338917,0.0004895412,0.061463684,0.93804675,0.9994097,0.00059035217,0.058512595,-119.3678,43.64055,I,C
171,D,0.0025180816,0.00085055514,0.00019499866,0.0065310453,0.008293084,0.73337024,0.017654803,0.23058723,0.0075664097,0.0252434,0.9671902,0.99349785,0.006502159,0.13345817,125.140686,-171.20186,S,C
172,G,0.010651148,0.0075403657,0.00013969874,0.028535362,0.01885818,0.1954574,0.03513067,0.70368713,0.023824051,0.035507824,0.9406681,0.9768041,0.023195876,0.3244031,-81.50489,129.67818,C,C
173,R,0.041440085,0.021513587,0.0005802085,0.0865094,0.046313412,0.08619475,0.062296953,0.6551516,0.07580689,0.09974998,0.8244431,0.95816344,0.04183656,0.123383746,-82.326416,123.46748,C,C
174,S,0.05618093,0.04478424,0.0006625497,0.018906757,0.017004436,0.1976383,0.14391784,0.52090496,0.115700155,0.028815882,0.85548395,0.95415497,0.045844972,0.30392352,-92.09081,5.8041863,C,C
175,T,0.044432316,0.058420468,0.0017506633,0.026756845,0.017746415,0.27433345,0.16288482,0.413675,0.12069696,0.034700174,0.84460294,0.93507665,0.0649234,0.4242384,-91.9267,54.329945,C,C
176,F,0.040542815,0.033165712,0.0019022559,0.01873768,0.016583774,0.26828748,0.16122144,0.45955884,0.08989114,0.029158315,0.8809505,0.92655957,0.07344043,0.31390867,84.39333,-155.69363,C,C
177,G,0.041939557,0.047305435,0.00083446706,0.029996693,0.028531779,0.16372745,0.09870447,0.5889601,0.111086205,0.049094297,0.83981955,0.88330805,0.11669197,0.4726362,-83.68785,90.75276,C,C
178,D,0.06386662,0.08442501,0.0009368352,0.016113287,0.022628104,0.17724103,0.21757768,0.4172115,0.17797731,0.034053992,0.78796875,0.8825245,0.11747553,0.5833769,-87.69614,12.840468,C,C
179,T,0.075388424,0.10161964,0.002506282,0.010722783,0.021468977,0.29857385,0.18816246,0.3015576,0.21606386,0.029692039,0.7542441,0.89044064,0.10955939,0.4874571,29.50845,-48.758636,C,C
180,G,0.084348,0.13312037,0.0010921853,0.015021539,0.026973167,0.20182581,0.15426259,0.38335642,0.24967766,0.040181126,0.71014124,0.8956139,0.10438617,0.6305017,-84.25116,1.3178424,C,C
181,R,0.06942399,0.19355126,0.003285702,0.032691877,0.039496977,0.1707134,0.13223456,0.3586023,0.2694791,0.06966737,0.66085356,0.9182768,0.08172323,0.36995402,-95.822174,44.01653,C,C
182,F,0.04357647,0.25883618,0.004827064,0.011366463,0.01575543,0.13579518,0.09934288,0.43050036,0.30679375,0.027293265,0.665913,0.9427117,0.057288308,0.25344613,3.4895065,-147.48187,C,C
183,G,0.053526126,0.6780265,0.0028345857,0.004653972,0.008392515,0.03851096,0.05531634,0.15873908,0.7017115,0.014239369,0.28404915,0.9505591,0.049440887,0.13890962,-67.832565,-35.451958,H,H
184,A,0.05063336,0.7816119,0.0040499284,0.003574048,0.009788297,0.016808122,0.03480333,0.09873096,0.8108709,0.014087631,0.17504142,0.9595508,0.04044921,0.20134048,-68.74304,-36.466805,H,H
185,I,0.039639503,0.83711225,0.004663679,0.0015804068,0.008860246,0.009622567,0.028322976,0.070198365,0.8689004,0.0106816655,0.1204179,0.9658878,0.034112204,0.41065994,-67.08363,-38.28715,H,H
186,S,0.031383567,0.8555817,0.004344973,0.001365939,0.00422028,0.012139051,0.028714629,0.06224985,0.8740117,0.0058747516,0.1201135,0.96839195,0.031608045,0.1357329,-67.02871,-39.610573,H,H
187,L,0.018475685,0.89753115,0.004077526,0.0011765279,0.0027774998,0.007040124,0.022427747,0.046493724,0.9020783,0.0044174423,0.09350428,0.97464234,0.025357721,0.047041107,-65.136185,-37.90162,H,H
188,A,0.020801285,0.8734459,0.0042616385,0.00090314867,0.0044857473,0.00800729,0.03189702,0.056198016,0.8791271,0.0057678013,0.115105055,0.95603657,0.04396342,0.51731586,-66.133095,-38.176003,H,H
189,E,0.031016445,0.7906995,0.0119050555,0.0017343342,0.008675699,0.012402171,0.05557862,0.087988265,0.8182035,0.009992833,0.17180367,0.94614387,0.05385608,0.45152953,-69.1148,-33.395733,H,H
190,D,0.04080389,0.76130736,0.0057468903,0.0019072711,0.005694168,0.017255722,0.051691443,0.11559335,0.8052833,0.0062573217,0.18845943,0.96400636,0.03599359,0.067120075,-69.28204,-34.762226,H,H
191,F,0.05791548,0.7253563,0.00773503,0.0032470177,0.0075907796,0.01785112,0.07261436,0.10768999,0.8024524,0.009675676,0.18787192,0.9251323,0.07486776,0.46506387,-67.5411,-37.0561,H,H
192,E,0.053906024,0.6446385,0.006331097,0.0017284083,0.007152711,0.023661451,0.15060171,0.111980036,0.6954321,0.0078056245,0.29676232,0.91176885,0.08823112,0.773419,-71.977196,-28.579718,H,H
193,E,0.04333289,0.21994096,0.0028929603,0.0019407679,0.0026681486,0.08417114,0.4990219,0.1460312,0.2814338,0.004403445,0.71416277,0.9127369,0.08726305,0.5352923,-92.05835,9.142807,T,C
194,D,0.021633377,0.03940657,0.0010447756,0.001284245,0.0034511988,0.10460728,0.5545402,0.27403235,0.07265339,0.004861161,0.9224855,0.8967048,0.103295185,0.6437076,77.49594,15.4453945,T,C
195,G,0.03376873,0.062343556,0.0007407726,0.016832426,0.03305155,0.13913949,0.07589218,0.63823134,0.11051002,0.047643587,0.8418464,0.9154709,0.08452913,0.2297363,-90.960526,75.59406,C,C
196,V,0.06564106,0.06620232,0.0014206559,0.012608197,0.05815205,0.15300182,0.1869584,0.45601547,0.14142369,0.06518815,0.7933881,0.9150782,0.084921815,0.4559574,-75.663315,-70.10191,C,C
197,G,0.07091957,0.074314415,0.0011433368,0.011293097,0.16150327,0.18620615,0.1438199,0.35080022,0.16180286,0.16780312,0.670394,0.9465502,0.053449772,0.48192826,-92.21105,50.013508,C,C
198,N,0.031734113,0.07032929,0.0007432025,0.01119855,0.44575125,0.08856619,0.04081874,0.3108587,0.117361695,0.43894485,0.44369343,0.97747576,0.022524213,0.1350583,-103.209946,131.04356,E,C
199,S,0.012167973,0.046402227,0.00066454394,0.008926087,0.794437,0.025963113,0.009961503,0.1014776,0.067201935,0.7899561,0.14284195,0.97337544,0.026624598,0.062418144,-109.47042,130.60258,E,E
200,I,0.00837544,0.04776931,0.0008556026,0.0056521124,0.8691026,0.012931436,0.0062597287,0.049053676,0.0629596,0.8680871,0.06895326,0.9764712,0.023528837,0.042790856,-109.46555,133.45686,E,E
201,C,0.005401632,0.02835894,0.0004944196,0.0032072905,0.89816713,0.011208479,0.0052512074,0.047910836,0.039915953,0.89131725,0.068766765,0.98144066,0.01855931,0.04201315,-114.058495,134.91153,E,E
202,A,0.008030964,0.028982265,0.0007367174,0.004150461,0.86188066,0.017500846,0.007726216,0.07099177,0.04368701,0.8586443,0.09766873,0.9686896,0.031310353,0.07918953,-118.240845,142.54356,E,E
203,G,0.011454963,0.040187154,0.00082961033,0.0072615403,0.7532511,0.03194752,0.016653828,0.13841425,0.05416272,0.75435495,0.19148238,0.9737279,0.026272198,0.07033136,-109.28693,130.90819,E,E
204,L,0.02101365,0.06602837,0.001883737,0.014375484,0.5074966,0.08296077,0.070967555,0.23527388,0.08196154,0.54949677,0.36854163,0.9672616,0.032738384,0.13317823,-105.923035,127.42011,E,E
205,I,0.045658935,0.06202236,0.0029839126,0.008549958,0.12910782,0.24610093,0.20037684,0.30519924,0.11635468,0.15561402,0.7280313,0.962122,0.037878036,0.29730016,112.99563,177.32104,C,C
206,G,0.06035033,0.08955848,0.0017032394,0.014035555,0.053152952,0.23357767,0.20501627,0.34260547,0.15641138,0.07219642,0.7713922,0.9540266,0.045973435,0.470563,-92.26424,85.92208,C,C
207,R,0.112950236,0.12170055,0.003280605,0.0055915746,0.016687732,0.21699366,0.2965042,0.2262914,0.2699172,0.023138424,0.7069444,0.939885,0.060114957,0.48961586,20.65232,-31.521542,T,C
208,G,0.09741783,0.16450158,0.0007442742,0.0060428674,0.0124288695,0.111382544,0.16399896,0.44348314,0.27918687,0.017371358,0.7034418,0.94902384,0.050976086,0.4737881,-87.06303,34.07851,C,C
209,N,0.09053023,0.52436715,0.0015941366,0.0029157107,0.006546762,0.055334147,0.079652525,0.23905931,0.62234145,0.008710248,0.3689483,0.970433,0.029566968,0.21819831,-69.9878,-25.353142,H,H
210,A,0.06588823,0.7066713,0.00329169,0.002196605,0.0069756894,0.033601504,0.06833015,0.11304489,0.7708517,0.008939866,0.22020854,0.9639128,0.036087185,0.56164134,-68.32207,-35.104397,H,H
211,R,0.05362397,0.7553303,0.0052855564,0.0025365988,0.008039943,0.022494238,0.050738886,0.10195053,0.804731,0.010032848,0.18523605,0.9807099,0.01929016,0.37640423,-70.73795,-34.783653,H,H
212,V,0.02888905,0.7875594,0.008035147,0.0023839877,0.007309954,0.02002977,0.04923245,0.0965602,0.8047698,0.010152289,0.18507788,0.9785403,0.021459771,0.18092132,-71.71826,-30.312916,H,H
213,N,0.0107486285,0.9005847,0.005194494,0.0008000129,0.0027918227,0.0088247955,0.020804122,0.05025135,0.9017827,0.004159464,0.09405794,0.98787385,0.012126166,0.30536243,-66.192726,-38.426037,H,H
214,R,0.0075422204,0.9330353,0.008770322,0.00044581847,0.0028663839,0.0049864347,0.014200047,0.028153455,0.940998,0.0037281525,0.05527383,0.9850086,0.014991395,0.5086772,-67.08896,-40.166943,H,H
215,R,0.0060646287,0.95533156,0.007858695,0.0003907695,0.0021410638,0.002341759,0.00850565,0.017365878,0.9653928,0.0029485188,0.031658676,0.99033606,0.009663963,0.21873622,-66.916145,-40.93866,H,H
216,F,0.006449058,0.96058077,0.011725734,0.0004024088,0.0014848261,0.0020137131,0.007951367,0.009392107,0.97762704,0.0022504362,0.020122511,0.99246866,0.0075313034,0.030272309,-65.16316,-40.88996,H,H
217,F,0.009401954,0.9510477,0.013555783,0.00045729525,0.0023247676,0.0018933684,0.009191259,0.01212795,0.97342265,0.0030230146,0.023554308,0.99280965,0.0071903495,0.16699862,-64.495964,-39.248306,H,H
218,L,0.013486147,0.92730576,0.018658468,0.00032975504,0.0037385107,0.0026385675,0.019736819,0.014105883,0.95752615,0.003765009,0.03870883,0.98953396,0.0104660345,0.52889717,-68.217476,-37.467632,H,H
219,R,0.023486784,0.8755959,0.022624018,0.00075269135,0.0031324564,0.005393991,0.045819778,0.023194538,0.9167177,0.0041448325,0.07913744,0.99131584,0.00868418,0.12255292,-73.51815,-35.328346,H,H
220,V,0.030474737,0.7060735,0.009145407,0.0038123785,0.007357928,0.031146972,0.1529159,0.05907313,0.7221825,0.0146362325,0.26318118,0.99390244,0.006097574,0.036225747,-85.01006,-12.426062,H,H
221,V,0.02436584,0.21200539,0.005558702,0.013715847,0.015366706,0.07340696,0.461697,0.19388348,0.22295758,0.030156659,0.7468858,0.97955644,0.020443555,0.5167078,-74.97103,74.33581,T,C
222,R,0.023210585,0.048485033,0.0048147747,0.0040709097,0.008031542,0.27105325,0.4648336,0.1755003,0.09699801,0.014205287,0.8887967,0.97542906,0.024570903,0.49502376,75.34901,-13.222534,T,C
223,G,0.0106004,0.02299446,0.00025933151,0.00972419,0.0096616745,0.27612984,0.013925724,0.6567044,0.04750862,0.019576158,0.9329153,0.9789097,0.021090273,0.3218881,-101.525185,130.60861,C,C
224,V,0.7216196,0.12788092,0.0009216021,0.0005207715,0.0023729238,0.026139038,0.090433195,0.030111905,0.8213975,0.004089548,0.17451297,0.977271,0.02272899,0.57739836,-58.939934,-32.57816,G,H
225,R,0.7637582,0.1083255,0.0008380658,0.00042412578,0.0046599167,0.014540376,0.08350706,0.023946784,0.8502941,0.0067306245,0.14297529,0.97248995,0.027510017,0.6481354,-72.79432,-16.723602,G,H
226,Q,0.7623256,0.11893746,0.0008944866,0.00095841626,0.009080028,0.019372717,0.048734855,0.039696507,0.8379769,0.015371596,0.14665152,0.9887311,0.011268948,0.29160625,-98.704865,4.583194,G,H
227,K,0.0033425032,0.009917545,0.00022907065,0.025104405,0.858378,0.011935864,0.0039208736,0.08717179,0.016334966,0.87983286,0.103832185,0.9934289,0.0065710777,0.097394004,-99.81881,132.29155,E,E
228,V,0.00022098355,0.0006829257,5.6073673e-05,0.007901592,0.97057354,0.0018399454,0.00027732196,0.018447516,0.0013504549,0.97895974,0.019689793,0.9950059,0.0049941177,0.14689417,-118.13921,137.68596,I,E
229,L,0.00011505121,0.00023041369,1.2681845e-05,0.0064055254,0.94874233,0.0017550495,0.00025333496,0.04248557,0.000490884,0.96089953,0.03860955,0.9971263,0.0028736875,0.3213225,-95.85228,133.8938,I,E
230,A,0.00041231202,0.00045318934,1.957874e-05,0.009121205,0.16340308,0.028008016,0.0018358984,0.7967467,0.0017416289,0.20863193,0.7896265,0.9962788,0.0037211995,0.050839618,-111.06343,137.45044,I,C
231,V,0.0012186647,0.00060334604,1.0983164e-05,0.00019134449,0.0024289817,0.73503584,0.030035986,0.23047486,0.0034629647,0.0041864566,0.9923505,0.99435,0.0056499774,0.4537045,-75.08366,-25.158531,I,C
232,P,0.005180234,0.007311859,7.534148e-05,0.008890453,0.0064711934,0.5735347,0.04412657,0.35440966,0.018252617,0.013807292,0.96794003,0.9929508,0.0070491713,0.52844256,-126.60392,141.79378,I,C
233,R,0.22768255,0.6103985,0.001554434,0.00066612125,0.00067867467,0.022185566,0.07801109,0.058823124,0.8679743,0.0009914883,0.13103426,0.9956903,0.0043096985,0.14014961,-61.165115,-32.89343,H,H
234,W,0.18255126,0.69021505,0.0036528863,0.00051186845,0.000715776,0.011044867,0.080125965,0.031182304,0.8952979,0.0008629465,0.10383923,0.9934082,0.0065917694,0.49831897,-67.94748,-30.688137,H,H
235,T,0.15820827,0.73430556,0.005327889,0.00052809424,0.00065688865,0.009419583,0.06325842,0.028295342,0.916704,0.00083488453,0.08246108,0.9961894,0.0038106004,0.45525467,-79.18559,-23.342104,H,H
236,Q,0.014605676,0.94667536,0.007719439,0.0002807317,0.00032218898,0.0058278604,0.012437197,0.012131405,0.96571565,0.0006606489,0.033623617,0.99826187,0.0017381328,0.023719342,-65.635925,-41.02503,H,H
237,I,0.0035585489,0.9835069,0.002917548,8.777407e-05,0.00017496641,0.000786538,0.0034040746,0.00556358,0.98668355,0.0003601632,0.012956265,0.9981578,0.0018422385,0.09806534,-61.295532,-40.72176,B,H
238,V,0.0029692056,0.985044,0.0030655232,4.2001968e-05,0.00030910425,0.0005127209,0.0035071177,0.0045502535,0.9894622,0.00038819166,0.010149587,0.99820125,0.0017987492,0.53070545,-64.815285,-38.47676,B,H
239,N,0.0022551822,0.982499,0.006123881,5.9578044e-05,0.0001882278,0.0007345413,0.0046379655,0.003501548,0.9879583,0.00032275118,0.011718982,0.99830496,0.0016950024,0.1285924,-68.0936,-42.178307,B,H
240,I,0.0011499783,0.9895387,0.004233179,3.372134e-05,0.00012032323,0.00050454796,0.0022231787,0.002196178,0.99374336,0.00020377418,0.006052847,0.99904174,0.0009581844,0.012981556,-63.23897,-42.48702,B,H
241,I,0.0012714933,0.9905494,0.0037146804,3.089297e-05,0.00015638821,0.0002717266,0.0016397388,0.0023657556,0.9948125,0.00022555992,0.0049619474,0.9985318,0.0014681476,0.217118,-62.722958,-41.07249,B,H
242,V,0.0018548414,0.9857107,0.0047791526,3.420715e-05,0.00028686866,0.000454538,0.0033589543,0.0035208121,0.9905235,0.00032150059,0.009154932,0.99791676,0.0020832443,0.3952407,-65.45577,-39.41475,B,H
243,A,0.0021010938,0.9818564,0.005660972,3.6873374e-05,0.00012952188,0.00070573814,0.005830661,0.0036786164,0.9872672,0.00018032436,0.012552514,0.9979664,0.0020336574,0.04295123,-67.18696,-41.484886,B,H
244,L,0.0025527782,0.974164,0.010522059,7.278436e-05,0.00011935433,0.0010704196,0.0070296936,0.004468972,0.984757,0.00023190117,0.015011182,0.9975623,0.002437667,0.031772524,-65.05096,-39.35031,B,H
245,V,0.006960363,0.9492685,0.010310149,9.323188e-05,0.00033079603,0.0018537183,0.016663866,0.014519472,0.9603725,0.00041706412,0.039210454,0.991797,0.008203065,0.5306189,-66.24885,-37.923027,B,H
246,D,0.013129391,0.8745268,0.026834955,0.00021779853,0.0006326625,0.006321957,0.04905108,0.029285416,0.8938626,0.00077929173,0.10535821,0.9871191,0.01288095,0.49440166,-73.22539,-33.758537,H,H
247,Q,0.017346878,0.80981386,0.021577792,0.00051401585,0.00055565854,0.013902358,0.08827559,0.048013832,0.8246396,0.000977762,0.17438258,0.9794937,0.020506352,0.11587725,-80.47749,-29.791256,H,H
248,I,0.030739103,0.6404087,0.019715264,0.0038711946,0.0019857464,0.053045046,0.14658168,0.10365333,0.66728246,0.005435662,0.3272819,0.95281565,0.047184393,0.16984558,-96.49218,-13.159651,H,H
249,C,0.0045015137,0.010024455,0.0011531289,0.0065549444,0.005465554,0.22581337,0.032528624,0.71395844,0.019073645,0.010855803,0.9700706,0.84148884,0.15851112,0.4809943,-73.594185,168.26926,C,C
250,G,0.001982104,0.0018192357,5.004325e-05,0.002789323,0.0029794662,0.07019112,0.013927357,0.9062614,0.005413235,0.00594869,0.9886381,0.6447371,0.35526288,0.74866027,-67.07167,151.31236,I,C
251,P,0.00084011257,0.00071041065,8.610959e-06,0.0012065659,0.0010124022,0.03285754,0.005272416,0.9580919,0.002718987,0.0023216698,0.99495935,0.54512644,0.45487362,0.65083665,-79.25335,145.97427,I,C
252,S,0.0017402568,0.0010817646,1.5752187e-06,7.694705e-05,0.00017149447,0.0069007524,0.016792756,0.97323453,0.0046193814,0.0003309574,0.99504966,0.33154726,0.6684527,0.79497874,-63.180504,153.6282,B,C
253,P,0.00046575032,0.00031484803,6.288186e-07,2.3761475e-05,7.8038785e-05,0.0028325326,0.0074956687,0.9887888,0.0014037937,0.00013105189,0.9984652,0.16271971,0.8372803,0.94229186,-74.48346,70.82283,E,C
